"customerid","recency","frequency","monetory","r_score","f_score","m_score","customer_segment"
14646,2.0,73,280206.02,5,5,5,Champions
18102,1.0,60,259657.3,5,5,5,Champions
17450,9.0,46,194550.79,5,5,5,Champions
16446,1.0,2,168472.5,5,3,5,Potential Loyalists
14911,2.0,201,143825.06,5,5,5,Champions
12415,25.0,21,124914.53,4,5,5,Champions
14156,10.0,55,117379.63,5,5,5,Champions
17511,3.0,31,91062.38,5,5,5,Champions
16029,39.0,63,81024.84,3,5,5,Loyal Customers
12346,326.0,1,77183.6,1,2,5,Lost Customers
16684,5.0,28,66653.56,5,5,5,Champions
14096,5.0,17,65164.79,5,5,5,Champions
13694,4.0,50,65039.62,5,5,5,Champions
15311,1.0,91,60767.9,5,5,5,Champions
13089,3.0,97,58825.83,5,5,5,Champions
17949,2.0,45,58510.48,5,5,5,Champions
15769,8.0,26,56252.72,5,5,5,Champions
15061,4.0,48,54534.14,5,5,5,Champions
14298,9.0,44,51527.3,5,5,5,Champions
14088,11.0,13,50491.81,5,5,5,Champions
15749,236.0,3,44534.3,1,4,5,At Risk
12931,22.0,15,42055.96,4,5,5,Champions
17841,2.0,124,40991.57,5,5,5,Champions
15098,183.0,3,39916.5,1,4,5,At Risk
13798,2.0,57,37153.85,5,5,5,Champions
16013,4.0,47,37130.6,5,5,5,Champions
16422,18.0,51,34684.4,4,5,5,Champions
12748,1.0,209,33719.73,5,5,5,Champions
15838,12.0,19,33643.08,5,5,5,Champions
17404,5.0,15,31906.82,5,5,5,Champions
17389,1.0,34,31833.68,5,5,5,Champions
13098,2.0,28,28882.44,5,5,5,Champions
14680,26.0,16,28754.11,4,5,5,Champions
13081,12.0,11,28337.38,5,5,5,Champions
13408,2.0,62,28117.04,5,5,5,Champions
17857,5.0,23,26879.04,5,5,5,Champions
16333,8.0,22,26626.8,5,5,5,Champions
13777,1.0,33,25977.16,5,5,5,Champions
12753,23.0,6,21429.39,4,5,5,Champions
12744,52.0,7,21279.29,3,5,5,Loyal Customers
16210,2.0,18,21086.3,5,5,5,Champions
17675,2.0,31,20374.28,5,5,5,Champions
17381,9.0,29,20275.61,5,5,5,Champions
15039,10.0,47,19914.44,5,5,5,Champions
12471,3.0,30,19824.05,5,5,5,Champions
12731,24.0,12,18895.91,4,5,5,Champions
15159,2.0,30,18641.01,5,5,5,Champions
12901,9.0,28,17654.54,5,5,5,Champions
12678,43.0,12,17628.46,3,5,5,Loyal Customers
14031,8.0,19,17286.86,5,5,5,Champions
17428,1.0,28,17256.85,5,5,5,Champions
13767,3.0,37,17220.36,5,5,5,Champions
13881,4.0,20,17159.52,5,5,5,Champions
16839,9.0,34,16594.35,5,5,5,Champions
12921,10.0,37,16587.09,5,5,5,Champions
14607,16.0,14,16569.5,4,5,5,Champions
15856,5.0,27,16387.57,5,5,5,Champions
17677,2.0,30,16363.23,5,5,5,Champions
15189,2.0,41,16225.39,5,5,5,Champions
14051,1.0,23,15610.39,5,5,5,Champions
15513,34.0,19,14758.22,3,5,5,Loyal Customers
16133,4.0,33,14589.04,5,5,5,Champions
14866,11.0,12,14389.9,5,5,5,Champions
16705,1.0,20,14034.99,5,5,5,Champions
12681,15.0,22,13787.54,4,5,5,Champions
12621,2.0,20,13689.67,5,5,5,Champions
12540,20.0,17,13400.24,4,5,5,Champions
12433,1.0,7,13375.87,5,5,5,Champions
15498,3.0,27,13316.4,5,5,5,Champions
12477,23.0,6,13219.74,4,5,5,Champions
17735,3.0,19,13110.02,5,5,5,Champions
16525,3.0,26,13027.45,5,5,5,Champions
14258,10.0,9,12669.98,5,5,5,Champions
13078,4.0,26,12627.94,5,5,5,Champions
12536,44.0,3,12601.83,3,4,5,Loyal Customers
15640,5.0,15,12515.66,5,5,5,Champions
16000,3.0,3,12393.7,5,4,5,Champions
17340,30.0,11,12353.29,4,5,5,Champions
12682,4.0,31,12288.22,5,5,5,Champions
13113,1.0,24,12245.96,5,5,5,Champions
14606,2.0,93,12156.65,5,5,5,Champions
12557,17.0,5,11990.960000000001,4,4,5,Champions
12939,65.0,8,11581.8,3,5,5,Loyal Customers
15125,26.0,15,11528.48,4,5,5,Champions
14194,5.0,21,11349.52,5,5,5,Champions
12971,4.0,86,11189.91,5,5,5,Champions
14895,8.0,20,11138.71,5,5,5,Champions
12409,79.0,3,11072.67,2,4,5,At Risk
15482,16.0,12,11054.96,4,5,5,Champions
17581,1.0,25,11045.039999999999,5,5,5,Champions
13319,6.0,26,10845.55,5,5,5,Champions
17107,34.0,6,10815.43,3,5,5,Loyal Customers
13340,46.0,7,10736.48,3,5,5,Loyal Customers
14769,3.0,8,10674.75,5,5,5,Champions
17139,16.0,12,10668.47,4,5,5,Champions
16779,3.0,22,10629.72,5,5,5,Champions
17865,31.0,20,10526.32,4,5,5,Champions
17706,5.0,17,10504.49,5,5,5,Champions
15251,10.0,11,10484.99,5,5,5,Champions
14062,10.0,12,10464.85,5,5,5,Champions
15615,11.0,23,10399.74,5,5,5,Champions
15502,16.0,12,10384.93,4,5,5,Champions
16180,101.0,8,10254.18,2,5,5,At Risk
16843,43.0,16,10196.57,3,5,5,Loyal Customers
12590,212.0,2,9864.26,1,3,5,At Risk
13001,5.0,13,9818.82,5,5,5,Champions
13199,4.0,38,9817.12,5,5,5,Champions
15078,8.0,32,9743.11,5,5,5,Champions
12709,16.0,15,9736.52,4,5,5,Champions
13458,8.0,14,9646.57,5,5,5,Champions
14733,17.0,12,9585.91,4,5,5,Champions
16523,2.0,21,9418.47,5,5,5,Champions
12567,23.0,10,9401.28,4,5,5,Champions
14367,9.0,16,9261.52,5,5,5,Champions
14667,11.0,25,9241.2,5,5,5,Champions
18092,3.0,11,9068.26,5,5,5,Champions
13969,8.0,18,9053.94,5,5,5,Champions
12451,11.0,5,9035.52,5,4,5,Champions
13488,18.0,13,8968.31,4,5,5,Champions
13090,9.0,14,8910.82,5,5,5,Champions
16033,6.0,20,8816.4,5,5,5,Champions
17017,3.0,20,8694.26,5,5,5,Champions
17243,2.0,26,8676.85,5,5,5,Champions
17306,11.0,19,8631.31,5,5,5,Champions
16656,23.0,15,8625.8,4,5,5,Champions
14527,3.0,55,8508.82,5,5,5,Champions
12683,5.0,15,8476.57,5,5,5,Champions
18139,18.0,6,8438.34,4,5,5,Champions
15358,5.0,22,8347.2,5,5,5,Champions
16558,1.0,20,8338.49,5,5,5,Champions
14056,2.0,23,8214.65,5,5,5,Champions
14936,34.0,8,8137.0199999999995,3,5,5,Loyal Customers
16672,3.0,20,8134.94,5,5,5,Champions
13854,9.0,25,8109.5199999999995,5,5,5,Champions
14952,60.0,11,8099.49,3,5,5,Loyal Customers
18109,2.0,26,8052.97,5,5,5,Champions
14796,2.0,17,8022.49,5,5,5,Champions
12428,26.0,9,7956.46,4,5,5,Champions
15290,5.0,18,7943.22,5,5,5,Champions
14849,22.0,25,7930.54,4,5,5,Champions
12757,16.0,13,7857.1,4,5,5,Champions
17811,5.0,39,7837.73,5,5,5,Champions
13093,276.0,8,7832.47,1,5,5,At Risk
12435,80.0,2,7829.889999999999,2,3,5,At Risk
13629,24.0,11,7792.36,4,5,5,Champions
15044,20.0,17,7700.2300000000005,4,5,5,Champions
15194,4.0,15,7616.53,5,5,5,Champions
18172,15.0,20,7561.68,4,5,5,Champions
13263,2.0,35,7454.07,5,5,5,Champions
12474,18.0,18,7375.79,4,5,5,Champions
12980,158.0,9,7374.9,2,5,5,At Risk
15465,20.0,18,7354.62,4,5,5,Champions
17396,40.0,8,7330.8,3,5,5,Loyal Customers
12583,3.0,15,7281.38,5,5,5,Champions
13018,17.0,28,7277.7,4,5,5,Champions
18229,12.0,20,7276.9,5,5,5,Champions
16923,13.0,19,7247.61,5,5,5,Champions
16729,39.0,21,7239.92,3,5,5,Loyal Customers
16745,87.0,17,7194.3,2,5,5,At Risk
16873,5.0,6,7123.62,5,5,5,Champions
13324,37.0,10,7121.95,3,5,5,Loyal Customers
13985,5.0,15,7060.13,5,5,5,Champions
14961,11.0,9,7044.68,5,5,5,Champions
12766,4.0,7,6989.63,5,5,5,Champions
12798,11.0,3,6977.04,5,4,5,Champions
12989,4.0,15,6924.11,5,5,5,Champions
16713,19.0,15,6923.13,4,5,5,Champions
13027,114.0,6,6912.0,2,5,5,At Risk
16187,32.0,15,6911.44,4,5,5,Champions
17416,30.0,7,6893.42,4,5,5,Champions
12705,16.0,9,6868.29,4,5,5,Champions
12476,16.0,11,6816.42,4,5,5,Champions
12830,38.0,6,6814.64,3,5,5,Loyal Customers
15023,4.0,11,6802.76,5,5,5,Champions
18055,8.0,10,6784.19,5,5,5,Champions
15601,12.0,14,6776.56,5,5,5,Champions
16652,59.0,7,6773.97,3,5,5,Loyal Customers
16532,18.0,3,6748.8,4,4,5,Champions
13576,11.0,18,6717.34,5,5,5,Champions
16746,5.0,18,6697.66,5,5,5,Champions
15249,32.0,13,6688.46,4,5,5,Champions
16353,4.0,23,6675.71,5,5,5,Champions
17338,18.0,8,6643.93,4,5,5,Champions
12626,24.0,9,6620.48,4,5,5,Champions
16182,73.0,4,6617.65,2,4,5,At Risk
15144,9.0,17,6580.44,5,5,5,Champions
12472,33.0,7,6572.11,3,5,5,Loyal Customers
16814,15.0,21,6509.1,4,5,5,Champions
12431,36.0,15,6487.45,3,5,5,Loyal Customers
18223,5.0,14,6484.54,5,5,5,Champions
15694,1.0,14,6479.4,5,5,5,Champions
13225,4.0,7,6463.84,5,5,5,Champions
13102,2.0,24,6424.09,5,5,5,Champions
13871,23.0,13,6403.25,4,5,5,Champions
12359,58.0,4,6372.58,3,4,5,Loyal Customers
13668,3.0,21,6363.59,5,5,5,Champions
13709,4.0,13,6328.05,5,5,5,Champions
15005,16.0,28,6316.57,4,5,5,Champions
17315,2.0,38,6292.26,5,5,5,Champions
16126,30.0,4,6287.77,4,4,5,Champions
14057,24.0,17,6217.96,4,5,5,Champions
12357,34.0,1,6207.67,3,2,5,Other
14060,5.0,19,6140.42,5,5,5,Champions
13418,12.0,18,6127.43,5,5,5,Champions
17509,58.0,8,6115.14,3,5,5,Loyal Customers
15939,90.0,15,6115.01,2,5,5,At Risk
14735,4.0,32,6065.69,5,5,5,Champions
12637,68.0,8,6021.9,3,5,5,Loyal Customers
13097,33.0,10,6010.42,3,5,5,Loyal Customers
13316,38.0,4,5977.73,3,4,5,Loyal Customers
14101,74.0,6,5976.79,2,5,5,At Risk
15382,15.0,6,5955.71,4,5,5,Champions
14505,18.0,8,5905.64,4,5,5,Champions
14415,2.0,13,5900.28,5,5,5,Champions
14944,30.0,12,5900.25,4,5,5,Champions
13209,31.0,8,5891.61,4,5,5,Champions
13534,3.0,25,5870.08,5,5,5,Champions
13050,15.0,17,5836.86,4,5,5,Champions
12720,3.0,25,5781.73,5,5,5,Champions
15218,11.0,11,5756.89,5,5,5,Champions
17686,8.0,7,5739.46,5,5,5,Champions
13178,27.0,11,5725.47,4,5,5,Champions
16553,164.0,12,5719.82,2,5,5,At Risk
13468,2.0,37,5704.97,5,5,5,Champions
14110,4.0,12,5683.15,5,5,5,Champions
14049,17.0,4,5681.72,4,4,5,Champions
17049,3.0,9,5659.9800000000005,5,5,5,Champions
17716,23.0,11,5655.99,4,5,5,Champions
13004,12.0,18,5655.91,5,5,5,Champions
18118,11.0,26,5653.82,5,5,5,Champions
14688,8.0,21,5630.87,5,5,5,Champions
17757,2.0,30,5605.29,5,5,5,Champions
12481,23.0,10,5596.32,4,5,5,Champions
12839,3.0,14,5591.42,5,5,5,Champions
16767,31.0,11,5580.6,4,5,5,Champions
16161,2.0,19,5575.56,5,5,5,Champions
12539,23.0,4,5568.35,4,4,5,Champions
15805,24.0,17,5528.48,4,5,5,Champions
18225,4.0,12,5509.12,5,5,5,Champions
16609,16.0,7,5493.46,4,5,5,Champions
16985,18.0,10,5464.12,4,5,5,Champions
16265,10.0,9,5447.0,5,5,5,Champions
18198,5.0,17,5425.56,5,5,5,Champions
12490,6.0,10,5417.93,5,5,5,Champions
17809,17.0,12,5411.91,4,5,5,Champions
16701,9.0,13,5398.3,5,5,5,Champions
17719,38.0,15,5396.04,3,5,5,Loyal Customers
17850,373.0,34,5391.21,1,5,5,At Risk
16303,26.0,3,5360.63,4,4,5,Champions
13269,2.0,15,5346.23,5,5,5,Champions
15150,18.0,10,5314.47,4,5,5,Champions
17730,4.0,13,5298.48,5,5,5,Champions
17061,74.0,11,5232.23,2,5,5,At Risk
18226,45.0,11,5228.05,3,5,5,Loyal Customers
12362,4.0,10,5226.23,5,5,5,Champions
15046,10.0,15,5213.7699999999995,5,5,5,Champions
16258,46.0,5,5203.51,3,4,5,Loyal Customers
13756,3.0,14,5189.5199999999995,5,5,5,Champions
16191,3.0,13,5180.5199999999995,5,5,5,Champions
15727,17.0,7,5178.96,4,5,5,Champions
17858,6.0,12,5155.66,5,5,5,Champions
13599,2.0,21,5153.67,5,5,5,Champions
15903,10.0,7,5126.76,5,5,5,Champions
13941,22.0,5,5112.96,4,4,5,Champions
17602,3.0,6,5102.97,5,5,5,Champions
16700,9.0,13,5076.55,5,5,5,Champions
14562,4.0,18,5074.77,5,5,5,Champions
15301,51.0,12,5070.35,3,5,5,Loyal Customers
13139,17.0,7,5064.94,4,5,5,Champions
12432,43.0,5,5059.32,3,4,5,Loyal Customers
15719,33.0,13,5045.61,3,5,5,Loyal Customers
17426,9.0,6,5037.26,5,5,5,Champions
14329,18.0,7,5014.84,4,5,5,Champions
14755,10.0,11,5010.28,5,5,5,Champions
12444,22.0,5,5005.46,4,4,5,Champions
15032,257.0,3,4959.1,1,4,5,At Risk
15547,8.0,14,4954.84,5,5,5,Champions
12437,2.0,18,4951.41,5,5,5,Champions
12700,8.0,4,4939.99,5,4,5,Champions
15786,47.0,3,4932.2,3,4,5,Loyal Customers
14709,16.0,13,4921.04,4,5,5,Champions
17133,16.0,7,4892.24,4,5,5,Champions
12664,9.0,9,4881.88,5,5,5,Champions
12688,114.0,1,4873.81,2,2,5,Lost Customers
14292,8.0,9,4871.93,5,5,5,Champions
17652,26.0,12,4867.72,4,5,5,Champions
15738,19.0,16,4812.42,4,5,5,Champions
13013,2.0,13,4810.94,5,5,5,Champions
15555,13.0,16,4805.17,5,5,5,Champions
17365,13.0,8,4801.56,5,5,5,Champions
15298,3.0,12,4799.9,5,5,5,Champions
15187,2.0,16,4777.18,5,5,5,Champions
17690,31.0,15,4757.95,4,5,5,Champions
12955,2.0,11,4757.16,5,5,5,Champions
14180,11.0,25,4748.5199999999995,5,5,5,Champions
15152,10.0,13,4745.69,5,5,5,Champions
16722,18.0,13,4730.81,4,5,5,Champions
12714,10.0,5,4708.86,5,4,5,Champions
14159,20.0,11,4693.01,4,5,5,Champions
14135,2.0,15,4690.31,5,5,5,Champions
14191,2.0,13,4684.76,5,5,5,Champions
15291,26.0,15,4668.3,4,5,5,Champions
14189,3.0,15,4654.08,5,5,5,Champions
14390,11.0,9,4652.82,5,5,5,Champions
14286,24.0,3,4628.75,4,4,5,Champions
16931,6.0,21,4604.22,5,5,5,Champions
13802,139.0,3,4599.42,2,4,5,At Risk
15093,19.0,6,4597.0199999999995,4,5,5,Champions
14004,44.0,7,4582.64,3,5,5,Loyal Customers
17613,23.0,14,4559.15,4,5,5,Champions
17068,13.0,21,4552.14,5,5,5,Champions
12484,33.0,6,4541.72,3,5,5,Loyal Customers
13267,3.0,19,4521.49,5,5,5,Champions
15299,68.0,7,4507.01,3,5,5,Loyal Customers
17975,16.0,13,4488.81,4,5,5,Champions
12524,10.0,8,4485.72,5,5,5,Champions
14426,24.0,10,4481.67,4,5,5,Champions
16984,89.0,2,4481.35,2,3,5,At Risk
17364,1.0,11,4481.18,5,5,5,Champions
12627,11.0,7,4478.53,5,5,5,Champions
14085,3.0,18,4448.54,5,5,5,Champions
14534,3.0,18,4447.05,5,5,5,Champions
13069,1.0,24,4436.12,5,5,5,Champions
15955,25.0,14,4416.26,4,5,5,Champions
16626,1.0,17,4413.1,5,5,5,Champions
15874,64.0,7,4405.88,3,5,5,Loyal Customers
12712,29.0,13,4396.13,4,5,5,Champions
13505,73.0,4,4393.63,2,4,5,At Risk
12752,82.0,1,4366.78,2,2,5,Lost Customers
16945,22.0,19,4345.5,4,5,5,Champions
14016,162.0,4,4341.21,2,4,5,At Risk
14800,48.0,12,4339.74,3,5,5,Loyal Customers
14525,20.0,9,4332.2,4,5,5,Champions
17567,8.0,8,4331.48,5,5,5,Champions
18251,88.0,1,4314.72,2,2,5,Lost Customers
12347,3.0,7,4310.0,5,5,5,Champions
15034,16.0,8,4308.61,4,5,5,Champions
17937,9.0,7,4301.22,5,5,5,Champions
14422,1.0,6,4263.64,5,5,5,Champions
12500,24.0,11,4257.82,4,5,5,Champions
17419,12.0,12,4226.57,5,5,5,Champions
14277,16.0,3,4216.2,4,4,5,Champions
15804,1.0,13,4206.39,5,5,5,Champions
17920,5.0,17,4204.1,5,5,5,Champions
15971,18.0,12,4199.85,4,5,5,Champions
12747,3.0,11,4196.01,5,5,5,Champions
14146,9.0,5,4191.0,5,4,5,Champions
18041,12.0,21,4183.39,5,5,5,Champions
12949,31.0,8,4167.22,4,5,5,Champions
15570,8.0,12,4165.5199999999995,5,5,5,Champions
16549,11.0,10,4154.64,5,5,5,Champions
13384,31.0,7,4151.93,4,5,5,Champions
13555,74.0,4,4149.28,2,4,5,At Risk
13988,20.0,6,4147.96,4,5,5,Champions
15514,13.0,11,4139.46,5,5,5,Champions
12569,3.0,32,4124.69,5,5,5,Champions
16592,5.0,16,4113.68,5,5,5,Champions
17940,50.0,10,4106.44,3,5,5,Loyal Customers
17377,24.0,20,4100.92,4,5,5,Champions
16401,2.0,12,4098.32,5,5,5,Champions
16670,17.0,11,4095.9,4,5,5,Champions
12749,4.0,5,4090.88,5,4,5,Champions
14092,8.0,14,4076.91,5,5,5,Champions
12449,23.0,4,4067.29,4,4,5,Champions
18087,99.0,2,4055.7200000000003,2,3,5,At Risk
14401,5.0,13,4051.48,5,5,5,Champions
12656,18.0,5,4051.17,4,4,5,Champions
12867,27.0,7,4036.82,4,5,5,Champions
13815,23.0,4,4027.36,4,4,5,Champions
12841,5.0,25,4022.35,5,5,5,Champions
12957,10.0,8,4017.54,5,5,5,Champions
12378,130.0,1,4008.62,2,2,5,Lost Customers
14547,4.0,8,4007.54,5,5,5,Champions
16186,23.0,12,4006.94,4,5,5,Champions
17769,13.0,10,3997.98,5,5,5,Champions
15529,23.0,11,3995.23,4,5,5,Champions
17001,1.0,11,3989.57,5,5,5,Champions
15416,65.0,4,3984.32,3,4,5,Loyal Customers
17611,8.0,15,3984.22,5,5,5,Champions
12779,38.0,8,3981.36,3,5,5,Loyal Customers
12727,11.0,7,3980.7,5,5,5,Champions
14299,9.0,9,3965.62,5,5,5,Champions
13523,34.0,5,3964.88,3,4,5,Loyal Customers
13183,8.0,9,3957.7799999999997,5,5,5,Champions
17651,12.0,10,3945.0,5,5,5,Champions
12473,30.0,5,3938.55,4,4,5,Champions
17593,4.0,5,3927.34,5,4,5,Champions
14739,5.0,7,3902.28,5,5,5,Champions
13999,11.0,12,3901.81,5,5,5,Champions
14291,2.0,11,3883.25,5,5,5,Champions
18073,115.0,12,3877.52,2,5,5,At Risk
13124,90.0,3,3866.33,2,4,5,At Risk
15195,3.0,1,3861.0,5,2,5,Potential Loyalists
16717,24.0,6,3858.38,4,5,5,Champions
12662,1.0,11,3849.78,5,5,5,Champions
16327,15.0,6,3844.22,4,5,5,Champions
13266,12.0,12,3834.2599999999998,5,5,5,Champions
17091,3.0,9,3827.76,5,5,5,Champions
15867,6.0,15,3812.64,5,5,5,Champions
12755,281.0,2,3811.9500000000003,1,3,5,At Risk
12597,20.0,4,3811.22,4,4,5,Champions
13435,6.0,7,3809.89,5,5,5,Champions
12668,12.0,4,3807.15,5,4,5,Champions
16145,9.0,11,3799.49,5,5,5,Champions
16655,18.0,6,3794.52,4,5,5,Champions
16168,11.0,27,3787.6,5,5,5,Champions
16019,47.0,9,3786.24,3,5,5,Loyal Customers
12562,9.0,7,3781.7400000000002,5,5,5,Champions
17173,6.0,8,3766.6,5,5,5,Champions
16904,5.0,16,3754.27,5,5,5,Champions
12429,10.0,4,3750.4,5,4,5,Champions
17238,3.0,17,3744.65,5,5,5,Champions
14145,47.0,4,3742.2,3,4,5,Loyal Customers
13552,67.0,12,3740.07,3,5,5,Loyal Customers
16570,16.0,10,3738.4,4,5,5,Champions
15808,307.0,4,3734.97,1,4,5,At Risk
14282,4.0,15,3729.34,5,5,5,Champions
12502,96.0,5,3723.87,2,4,5,At Risk
12647,23.0,12,3722.82,4,5,5,Champions
13680,2.0,4,3722.42,5,4,5,Champions
16240,25.0,2,3718.8,4,3,5,Potential Loyalists
14364,109.0,8,3717.35,2,5,5,At Risk
15845,18.0,8,3711.77,4,5,5,Champions
15622,44.0,9,3709.56,3,5,5,Loyal Customers
13148,30.0,12,3707.12,4,5,5,Champions
17819,72.0,7,3704.87,2,5,5,At Risk
15379,170.0,7,3703.29,2,5,5,At Risk
12553,9.0,10,3692.28,5,5,5,Champions
16253,67.0,2,3683.86,3,3,5,Other
15581,121.0,13,3679.97,2,5,5,At Risk
15296,51.0,6,3672.86,3,5,5,Loyal Customers
18079,46.0,4,3651.97,3,4,5,Loyal Customers
13137,11.0,8,3650.41,5,5,5,Champions
12417,4.0,9,3649.1,5,5,5,Champions
16712,10.0,11,3645.43,5,5,5,Champions
13426,1.0,10,3641.32,5,5,5,Champions
12619,17.0,9,3641.24,4,5,5,Champions
16440,8.0,5,3640.67,5,4,5,Champions
13381,32.0,6,3639.31,4,5,5,Champions
17230,265.0,8,3638.41,1,5,5,At Risk
14543,29.0,16,3630.33,4,5,5,Champions
17528,2.0,8,3628.5,5,5,5,Champions
13327,39.0,8,3627.77,3,5,5,Loyal Customers
13520,59.0,6,3624.35,3,5,5,Loyal Customers
17576,9.0,19,3622.68,5,5,5,Champions
14040,41.0,12,3614.92,3,5,5,Loyal Customers
13082,127.0,9,3613.63,2,5,5,At Risk
15505,53.0,5,3610.96,3,4,5,Loyal Customers
15113,10.0,3,3609.33,5,4,5,Champions
16242,9.0,7,3603.21,5,5,5,Champions
15484,2.0,4,3594.31,5,4,5,Champions
14132,3.0,11,3586.0299999999997,5,5,5,Champions
17203,36.0,6,3563.85,3,5,5,Loyal Customers
17491,2.0,10,3558.87,5,5,5,Champions
15544,10.0,9,3546.71,5,5,5,Champions
12370,52.0,4,3545.69,3,4,5,Loyal Customers
14503,4.0,6,3543.26,5,5,5,Champions
13448,17.0,6,3539.37,4,5,5,Champions
13334,83.0,3,3536.82,2,4,5,At Risk
12454,57.0,1,3528.34,3,2,5,Other
17160,32.0,6,3518.03,4,5,5,Champions
13953,8.0,7,3515.68,5,5,5,Champions
16360,5.0,6,3512.53,5,5,5,Champions
14395,3.0,9,3507.71,5,5,5,Champions
16131,52.0,6,3506.54,3,5,5,Loyal Customers
14907,4.0,7,3501.1,5,5,5,Champions
16458,3.0,18,3482.7400000000002,5,5,5,Champions
13993,43.0,9,3466.36,3,5,5,Loyal Customers
13014,11.0,10,3466.2799999999997,5,5,5,Champions
17758,20.0,8,3456.7,4,5,5,Champions
15410,85.0,8,3450.84,2,5,5,At Risk
13536,2.0,7,3448.29,5,5,5,Champions
15129,51.0,11,3447.4,3,5,5,Loyal Customers
15974,40.0,7,3442.15,3,5,5,Loyal Customers
17725,17.0,11,3439.08,4,5,5,Champions
15676,19.0,3,3435.7599999999998,4,4,5,Champions
14221,43.0,9,3432.8,3,5,5,Loyal Customers
12406,23.0,2,3415.2999999999997,4,3,5,Potential Loyalists
15981,25.0,8,3408.48,4,5,5,Champions
13437,15.0,7,3408.06,4,5,5,Champions
17669,43.0,7,3406.72,3,5,5,Loyal Customers
13198,11.0,6,3401.24,5,5,5,Champions
15228,67.0,4,3386.71,3,4,5,Loyal Customers
13842,59.0,9,3385.62,3,5,5,Loyal Customers
15708,41.0,7,3364.2400000000002,3,5,5,Loyal Customers
16011,9.0,16,3362.71,5,5,5,Champions
14227,27.0,10,3350.96,4,5,5,Champions
16818,11.0,11,3349.57,5,5,5,Champions
16607,18.0,14,3347.71,4,5,5,Champions
17183,8.0,6,3347.31,5,5,5,Champions
13015,54.0,5,3346.28,3,4,5,Loyal Customers
12643,129.0,6,3344.64,2,5,5,At Risk
12613,58.0,5,3344.38,3,4,5,Loyal Customers
12594,38.0,10,3338.22,3,5,5,Loyal Customers
16556,67.0,7,3313.79,3,5,5,Loyal Customers
13373,61.0,3,3312.25,3,4,5,Loyal Customers
14841,54.0,6,3295.7599999999998,3,5,5,Loyal Customers
14702,2.0,17,3292.14,5,5,5,Champions
15632,16.0,8,3285.31,4,5,5,Champions
12480,29.0,4,3281.63,4,4,5,Champions
15764,89.0,6,3279.97,2,5,5,At Risk
17723,128.0,6,3276.4,2,5,5,At Risk
13952,218.0,2,3251.071,1,3,5,At Risk
13047,32.0,10,3237.54,4,5,5,Champions
15443,2.0,7,3236.91,5,5,5,Champions
17050,97.0,6,3228.84,2,5,5,At Risk
14175,60.0,3,3222.3,3,4,5,Loyal Customers
13880,22.0,13,3219.77,4,5,5,Champions
13268,18.0,11,3214.69,4,5,5,Champions
14388,11.0,8,3212.84,5,5,5,Champions
16107,18.0,7,3204.16,4,5,5,Champions
17220,25.0,14,3198.25,4,5,5,Champions
13868,8.0,2,3192.54,5,3,5,Potential Loyalists
17685,17.0,7,3191.5299999999997,4,5,5,Champions
13758,12.0,7,3190.55,5,5,5,Champions
14844,64.0,4,3189.81,3,4,5,Loyal Customers
12456,45.0,3,3181.04,3,4,5,Loyal Customers
17672,51.0,2,3178.17,3,3,5,Other
17231,13.0,10,3174.32,5,5,5,Champions
16837,32.0,11,3170.98,4,5,5,Champions
16041,31.0,3,3166.4,4,4,5,Champions
15861,13.0,8,3165.36,5,5,5,Champions
17863,60.0,6,3160.0,3,5,5,Loyal Customers
15065,38.0,4,3158.13,3,4,5,Loyal Customers
14235,76.0,5,3144.86,2,4,5,At Risk
13742,17.0,12,3131.02,4,5,5,Champions
16156,9.0,9,3122.04,5,5,5,Champions
13685,3.0,7,3119.44,5,5,5,Champions
16326,6.0,14,3110.96,5,5,5,Champions
16678,3.0,12,3109.99,5,5,5,Champions
13869,124.0,4,3104.95,2,4,5,At Risk
14099,17.0,11,3104.17,4,5,5,Champions
16905,6.0,7,3102.43,5,5,5,Champions
15491,96.0,6,3100.09,2,5,5,At Risk
14257,65.0,5,3099.72,3,4,5,Loyal Customers
14565,96.0,4,3099.12,2,4,5,At Risk
13135,197.0,1,3096.0,1,2,5,Lost Customers
17059,30.0,5,3095.04,4,4,5,Champions
13362,10.0,4,3090.74,5,4,5,Champions
15998,37.0,5,3089.97,3,4,5,Loyal Customers
16218,30.0,7,3084.68,4,5,5,Champions
18272,3.0,6,3078.58,5,5,5,Champions
12910,24.0,8,3075.04,4,5,5,Champions
13631,100.0,11,3070.42,2,5,5,At Risk
16686,48.0,7,3062.83,3,5,5,Loyal Customers
14456,6.0,9,3062.4,5,5,5,Champions
17799,23.0,10,3055.93,4,5,5,Champions
16940,53.0,3,3049.88,3,4,5,Loyal Customers
16393,3.0,13,3046.21,5,5,5,Champions
16709,85.0,5,3029.87,2,4,5,At Risk
12598,10.0,8,3023.08,5,5,5,Champions
12395,20.0,12,3018.63,4,5,5,Champions
18094,82.0,7,3017.3,2,5,5,At Risk
12754,236.0,3,3010.7400000000002,1,4,5,At Risk
12916,139.0,4,3006.15,2,4,5,At Risk
15521,41.0,8,3000.2,3,5,5,Loyal Customers
17659,18.0,12,2999.46,4,5,5,Champions
17504,207.0,9,2997.03,1,5,5,At Risk
12670,11.0,5,2996.05,5,4,5,Champions
14307,89.0,6,2995.72,2,5,5,At Risk
15687,9.0,9,2993.1,5,5,5,Champions
14639,53.0,6,2984.49,3,5,5,Loyal Customers
13451,27.0,5,2976.15,4,4,5,Champions
14032,3.0,11,2975.59,5,5,5,Champions
15854,5.0,12,2974.65,5,5,5,Champions
16497,50.0,6,2965.69,3,5,5,Loyal Customers
17924,12.0,7,2962.5,5,5,5,Champions
14868,4.0,8,2953.59,5,5,5,Champions
17084,36.0,2,2949.75,3,3,5,Other
17444,148.0,3,2940.04,2,4,5,At Risk
16316,65.0,8,2938.91,3,5,5,Loyal Customers
14530,26.0,6,2925.91,4,5,5,Champions
17512,29.0,10,2924.99,4,5,5,Champions
15606,62.0,9,2920.16,3,5,5,Loyal Customers
12906,12.0,5,2919.81,5,4,5,Champions
14112,23.0,7,2915.15,4,5,5,Champions
12438,15.0,2,2906.85,4,3,5,Potential Loyalists
17644,2.0,11,2895.64,5,5,5,Champions
18144,8.0,12,2888.75,5,5,5,Champions
12408,33.0,5,2888.55,3,4,5,Loyal Customers
13735,25.0,4,2885.2400000000002,4,4,5,Champions
16633,18.0,6,2883.1,4,5,5,Champions
15673,89.0,4,2881.02,2,4,5,At Risk
14251,2.0,5,2879.7,5,4,5,Champions
17728,4.0,3,2876.0099999999998,5,4,5,Champions
14005,10.0,5,2874.72,5,4,5,Champions
15628,5.0,9,2870.24,5,5,5,Champions
14711,11.0,11,2868.8,5,5,5,Champions
13901,73.0,5,2867.2,2,4,5,At Risk
14535,61.0,3,2864.19,3,4,5,Loyal Customers
12685,29.0,6,2863.08,4,5,5,Champions
18145,13.0,4,2861.55,5,4,5,Champions
16928,81.0,17,2847.6,2,5,5,At Risk
15984,3.0,10,2837.67,5,5,5,Champions
14852,59.0,6,2836.69,3,5,5,Loyal Customers
14572,4.0,7,2832.84,5,5,5,Champions
17596,24.0,7,2827.93,4,5,5,Champions
14842,44.0,4,2824.69,3,4,5,Loyal Customers
13174,17.0,3,2817.03,4,4,5,Champions
16871,23.0,6,2812.34,4,5,5,Champions
12356,23.0,3,2811.43,4,4,5,Champions
14903,22.0,5,2810.63,4,4,5,Champions
18230,10.0,7,2810.2,5,5,5,Champions
13230,5.0,14,2806.97,5,5,5,Champions
16081,57.0,5,2806.9,3,4,5,Loyal Customers
16764,4.0,13,2799.25,5,5,5,Champions
15993,9.0,7,2797.57,5,5,5,Champions
13769,3.0,10,2796.5099999999998,5,5,5,Champions
12578,22.0,2,2794.5099999999998,4,3,5,Potential Loyalists
12758,117.0,2,2791.59,2,3,5,At Risk
17739,12.0,7,2791.35,5,5,5,Champions
14626,24.0,4,2791.27,4,4,5,Champions
17213,41.0,7,2781.23,3,5,5,Loyal Customers
12388,16.0,6,2780.66,4,5,5,Champions
14121,4.0,4,2780.15,5,4,5,Champions
17838,27.0,5,2779.3,4,4,5,Champions
13870,3.0,8,2770.94,5,5,5,Champions
15356,32.0,10,2766.5,4,5,5,Champions
15114,31.0,10,2760.56,4,5,5,Champions
14854,79.0,7,2759.83,2,5,5,At Risk
13971,19.0,8,2758.2599999999998,4,5,5,Champions
15321,71.0,3,2748.31,3,4,5,Loyal Customers
12669,151.0,3,2744.0299999999997,2,4,5,At Risk
14808,40.0,8,2741.17,3,5,5,Loyal Customers
14125,11.0,3,2740.43,5,4,5,Champions
15696,34.0,8,2736.46,3,5,5,Loyal Customers
16938,9.0,4,2736.38,5,4,5,Champions
16003,30.0,5,2735.37,4,4,5,Champions
12840,144.0,4,2726.77,2,4,5,At Risk
12380,22.0,4,2724.81,4,4,5,Champions
12708,30.0,10,2712.91,4,5,5,Champions
15796,2.0,8,2711.56,5,5,5,Champions
17069,29.0,9,2709.7,4,5,5,Champions
13285,24.0,4,2709.12,4,4,5,Champions
13654,44.0,6,2707.33,3,5,5,Loyal Customers
14107,52.0,7,2703.23,3,5,5,Loyal Customers
14732,9.0,8,2702.4900000000002,5,5,5,Champions
18097,8.0,6,2697.8,5,5,5,Champions
17386,8.0,6,2686.42,5,5,5,Champions
12625,212.0,2,2683.82,1,3,5,At Risk
17346,4.0,15,2676.56,5,5,5,Champions
13883,11.0,5,2674.48,5,4,5,Champions
14713,10.0,11,2666.36,5,5,5,Champions
12360,53.0,3,2662.06,3,4,5,Loyal Customers
14439,320.0,1,2661.2400000000002,1,2,5,Lost Customers
15671,19.0,7,2657.13,4,5,5,Champions
12721,32.0,6,2656.13,4,5,5,Champions
13851,96.0,3,2651.46,2,4,5,At Risk
16618,32.0,5,2647.59,4,4,5,Champions
18260,173.0,6,2643.2,2,5,5,At Risk
13658,10.0,5,2639.17,5,4,5,Champions
17655,11.0,7,2638.94,5,5,5,Champions
15752,40.0,7,2637.38,3,5,5,Loyal Customers
13804,31.0,7,2635.79,4,5,5,Champions
13771,65.0,4,2634.45,3,4,5,Loyal Customers
12520,80.0,5,2634.2599999999998,2,4,5,At Risk
17402,5.0,13,2633.85,5,5,5,Champions
18077,9.0,11,2633.01,5,5,5,Champions
13422,65.0,1,2626.3,3,2,5,Other
13644,17.0,4,2624.2599999999998,4,4,5,Champions
17965,38.0,14,2622.57,3,5,5,Loyal Customers
18210,2.0,6,2621.38,5,5,5,Champions
16255,17.0,8,2619.91,4,5,5,Champions
14262,9.0,8,2618.23,5,5,5,Champions
13021,5.0,9,2616.38,5,5,5,Champions
15782,10.0,3,2614.74,5,4,5,Champions
14397,3.0,19,2612.96,5,5,5,Champions
12836,60.0,4,2612.86,3,4,5,Loyal Customers
18075,24.0,10,2611.75,4,5,5,Champions
12726,29.0,7,2609.1,4,5,5,Champions
16241,10.0,13,2607.87,5,5,5,Champions
13136,57.0,5,2607.61,3,4,5,Loyal Customers
14408,11.0,7,2606.53,5,5,5,Champions
13983,30.0,12,2603.43,4,5,5,Champions
17317,47.0,3,2600.34,3,4,5,Loyal Customers
12600,29.0,10,2599.04,4,5,5,Champions
16919,157.0,11,2596.45,2,5,5,At Risk
13895,29.0,4,2593.07,4,4,5,Champions
14243,9.0,10,2588.77,5,5,5,Champions
15033,5.0,10,2586.67,5,5,5,Champions
13911,58.0,9,2580.91,3,5,5,Loyal Customers
14546,6.0,5,2578.09,5,4,5,Champions
16912,29.0,11,2575.38,4,5,5,Champions
15485,31.0,3,2575.0,4,4,5,Champions
18245,8.0,7,2567.06,5,5,5,Champions
16308,38.0,4,2560.0,3,4,5,Loyal Customers
15572,5.0,7,2552.86,5,5,5,Champions
14334,17.0,8,2552.21,4,5,5,Champions
14701,11.0,9,2549.37,5,5,5,Champions
14676,32.0,6,2548.24,4,5,5,Champions
13344,68.0,3,2543.72,3,4,5,Loyal Customers
14776,52.0,11,2538.2999999999997,3,5,5,Loyal Customers
17700,17.0,4,2534.64,4,4,5,Champions
13471,2.0,4,2531.58,5,4,5,Champions
14659,9.0,9,2529.93,5,5,5,Champions
17314,25.0,8,2527.92,4,5,5,Champions
13975,32.0,6,2526.28,4,5,5,Champions
17449,3.0,7,2520.86,5,5,5,Champions
13394,2.0,8,2520.02,5,5,5,Champions
15245,135.0,3,2515.84,2,4,5,At Risk
15271,8.0,15,2507.07,5,5,5,Champions
12352,37.0,8,2506.04,3,5,5,Loyal Customers
13695,32.0,15,2504.13,4,5,5,Champions
12517,29.0,5,2502.84,4,4,5,Champions
15932,5.0,8,2495.87,5,5,5,Champions
16477,64.0,7,2494.46,3,5,5,Loyal Customers
12483,18.0,8,2484.98,4,5,5,Champions
12913,5.0,5,2483.63,5,4,5,Champions
16710,20.0,10,2483.04,4,5,5,Champions
14315,45.0,6,2481.13,3,5,5,Loyal Customers
13507,4.0,4,2479.16,5,4,5,Champions
13588,16.0,9,2478.95,4,5,5,Champions
17682,11.0,6,2474.33,5,5,5,Champions
17188,12.0,7,2474.23,5,5,5,Champions
14766,9.0,6,2473.37,5,5,5,Champions
14502,20.0,11,2470.67,4,5,5,Champions
17164,33.0,7,2467.35,3,5,5,Loyal Customers
12455,74.0,6,2466.86,2,5,5,At Risk
15750,3.0,8,2465.48,5,5,5,Champions
17131,6.0,5,2463.17,5,4,5,Champions
13784,10.0,11,2462.79,5,5,5,Champions
15674,74.0,5,2446.6,2,4,5,At Risk
14163,88.0,4,2445.91,2,4,5,At Risk
15527,19.0,8,2429.78,4,5,5,Champions
17071,29.0,9,2429.03,4,5,5,Champions
13949,3.0,6,2427.32,5,5,5,Champions
16143,4.0,6,2424.94,5,5,5,Champions
17722,97.0,4,2424.04,2,4,5,At Risk
15089,11.0,6,2420.84,5,5,5,Champions
15373,9.0,12,2415.91,5,5,5,Champions
12397,36.0,2,2409.9,3,3,5,Other
17589,61.0,4,2404.17,3,4,5,Loyal Customers
15980,89.0,3,2398.86,2,4,5,At Risk
18065,6.0,14,2392.83,5,5,5,Champions
13141,85.0,5,2388.75,2,4,5,At Risk
15370,41.0,7,2386.05,3,5,5,Loyal Customers
17530,2.0,10,2385.0,5,5,5,Champions
14493,8.0,5,2383.24,5,4,5,Champions
14554,11.0,4,2381.04,5,4,5,Champions
14239,44.0,11,2380.85,3,5,5,Loyal Customers
15270,16.0,7,2379.49,4,5,5,Champions
13722,132.0,3,2375.41,2,4,5,At Risk
17434,3.0,7,2373.82,5,5,5,Champions
14930,109.0,3,2372.86,2,4,5,At Risk
13908,80.0,4,2369.55,2,4,5,At Risk
15755,11.0,6,2364.25,5,5,5,Champions
12457,67.0,7,2363.23,3,5,5,Loyal Customers
17634,37.0,9,2361.97,3,5,5,Loyal Customers
14030,19.0,8,2360.09,4,5,5,Champions
14440,9.0,5,2357.68,5,4,5,Champions
15140,53.0,7,2354.25,3,5,5,Loyal Customers
14309,9.0,9,2352.53,5,5,5,Champions
12704,8.0,8,2340.84,5,5,5,Champions
18259,25.0,3,2338.6,4,4,5,Champions
12584,4.0,9,2338.15,5,5,5,Champions
18257,40.0,8,2337.63,3,5,5,Loyal Customers
17954,6.0,12,2332.72,5,5,5,Champions
15281,59.0,9,2332.15,3,5,5,Loyal Customers
12782,5.0,5,2330.92,5,4,5,Champions
15785,33.0,5,2328.97,3,4,5,Loyal Customers
17313,32.0,1,2328.84,4,2,5,Potential Loyalists
17744,4.0,6,2322.4,5,5,5,Champions
17211,27.0,8,2317.22,4,5,5,Champions
14290,12.0,5,2314.65,5,4,5,Champions
15365,26.0,7,2314.32,4,5,5,Champions
13994,4.0,6,2313.14,5,5,5,Champions
13704,6.0,9,2308.06,5,5,5,Champions
15288,44.0,5,2306.52,3,4,5,Loyal Customers
16735,79.0,5,2300.56,2,4,5,At Risk
16550,109.0,5,2298.97,2,4,5,At Risk
15105,19.0,7,2298.93,4,5,5,Champions
13115,12.0,4,2294.78,5,4,5,Champions
15704,141.0,4,2293.62,2,4,5,At Risk
12615,3.0,4,2291.19,5,4,5,Champions
13527,34.0,7,2287.51,3,5,5,Loyal Customers
17696,39.0,8,2285.71,3,5,5,Loyal Customers
12684,8.0,7,2283.63,5,5,5,Champions
16782,11.0,13,2279.9,5,5,5,Champions
13317,67.0,6,2273.68,3,5,5,Loyal Customers
17768,9.0,3,2273.18,5,4,5,Champions
14466,30.0,7,2272.4,4,5,5,Champions
13700,27.0,10,2265.12,4,5,5,Champions
16057,17.0,7,2263.12,4,5,5,Champions
16209,89.0,5,2262.62,2,4,5,At Risk
14432,10.0,6,2255.5099999999998,5,5,5,Champions
16293,22.0,10,2248.99,4,5,5,Champions
17442,37.0,6,2248.56,3,5,5,Loyal Customers
15235,218.0,12,2247.51,1,5,5,At Risk
16771,34.0,5,2246.81,3,4,5,Loyal Customers
15665,169.0,2,2242.0099999999998,2,3,5,At Risk
14211,54.0,9,2241.1,3,5,5,Loyal Customers
16743,30.0,7,2238.09,4,5,5,Champions
14560,8.0,22,2237.77,5,5,5,Champions
14700,33.0,3,2235.3,4,4,5,Champions
16076,4.0,10,2234.73,5,5,5,Champions
15834,71.0,4,2233.75,3,4,5,Loyal Customers
18242,73.0,4,2232.4900000000002,2,4,5,At Risk
14226,29.0,5,2232.19,4,4,5,Champions
14825,4.0,12,2226.91,5,5,5,Champions
17591,74.0,7,2225.97,2,5,5,At Risk
12783,3.0,6,2225.91,5,5,5,Champions
13365,34.0,2,2225.37,3,3,5,Other
15722,36.0,5,2222.56,3,4,5,Loyal Customers
15811,23.0,6,2218.62,4,5,5,Champions
12876,58.0,2,2218.02,3,3,5,Other
12653,149.0,2,2209.85,2,3,5,At Risk
13862,19.0,8,2209.36,4,5,5,Champions
15797,114.0,4,2207.4,2,4,5,At Risk
15179,19.0,5,2206.95,4,4,5,Champions
13831,17.0,6,2202.99,4,5,5,Champions
17406,334.0,3,2200.42,1,4,5,At Risk
15123,8.0,2,2199.31,5,3,5,Potential Loyalists
16628,30.0,5,2188.05,4,4,5,Champions
15394,10.0,4,2183.54,5,4,5,Champions
14341,46.0,8,2182.28,3,5,5,Loyal Customers
12856,8.0,6,2179.93,5,5,5,Champions
12909,40.0,5,2178.67,3,4,5,Loyal Customers
12501,337.0,1,2169.39,1,2,5,Lost Customers
12633,59.0,4,2163.98,3,4,5,Loyal Customers
13755,4.0,9,2161.35,5,5,5,Champions
12935,3.0,7,2160.7,5,5,5,Champions
16456,100.0,5,2158.37,2,4,5,At Risk
14407,108.0,6,2157.73,2,5,5,At Risk
16379,5.0,4,2157.4,5,4,5,Champions
13224,61.0,2,2155.95,3,3,5,Other
16966,9.0,7,2154.97,5,5,5,Champions
17272,43.0,4,2148.63,3,4,5,Loyal Customers
14828,197.0,3,2139.7599999999998,1,4,5,At Risk
12560,6.0,3,2134.0099999999998,5,4,5,Champions
17400,127.0,5,2129.96,2,4,5,At Risk
13517,60.0,3,2128.42,3,4,5,Loyal Customers
14360,32.0,4,2128.23,4,4,5,Champions
16407,13.0,10,2126.93,5,5,5,Champions
14640,25.0,6,2125.08,4,5,5,Champions
15058,26.0,11,2124.99,4,5,5,Champions
13632,25.0,5,2121.27,4,4,5,Champions
18061,22.0,10,2119.41,4,5,5,Champions
18008,71.0,9,2116.19,3,5,5,Loyal Customers
14691,31.0,5,2114.33,4,4,5,Champions
13265,54.0,5,2107.66,3,4,5,Loyal Customers
18173,87.0,4,2106.84,2,4,5,At Risk
18093,94.0,4,2106.52,2,4,5,At Risk
14461,149.0,3,2103.06,2,4,5,At Risk
14515,18.0,6,2102.09,4,5,5,Champions
17861,4.0,8,2100.8,5,5,5,Champions
15815,64.0,5,2100.6,3,4,5,Loyal Customers
13126,5.0,8,2099.64,5,5,5,Champions
12610,23.0,5,2099.54,4,4,5,Champions
16875,68.0,5,2095.53,3,4,5,Loyal Customers
17191,29.0,7,2095.13,4,5,5,Champions
18283,4.0,16,2094.88,5,5,5,Champions
14306,52.0,2,2093.32,3,3,5,Other
17490,1.0,7,2092.32,5,5,5,Champions
13571,13.0,12,2092.32,5,5,5,Champions
13297,8.0,4,2089.85,5,4,5,Champions
18044,5.0,10,2088.6,5,5,5,Champions
14810,41.0,11,2087.88,3,5,5,Loyal Customers
16954,1.0,9,2085.08,5,5,5,Champions
18231,193.0,5,2083.27,1,4,5,At Risk
14696,5.0,7,2078.95,5,5,5,Champions
14209,11.0,6,2073.43,5,5,5,Champions
18241,10.0,17,2073.09,5,5,5,Champions
18219,3.0,10,2069.77,5,5,5,Champions
14482,19.0,6,2068.15,4,5,5,Champions
12948,17.0,7,2064.95,4,5,5,Champions
12928,36.0,5,2062.7,3,4,5,Loyal Customers
16281,73.0,1,2062.06,2,2,5,Lost Customers
14409,72.0,6,2059.45,2,5,4,At Risk
12518,1.0,5,2056.89,5,4,4,Champions
17667,67.0,5,2055.5099999999998,3,4,4,Loyal Customers
14188,31.0,6,2054.36,4,5,4,Champions
16150,43.0,5,2053.02,3,4,4,Loyal Customers
17086,8.0,6,2050.08,5,5,4,Champions
17612,54.0,6,2048.45,3,5,4,Loyal Customers
14232,43.0,5,2048.07,3,4,4,Loyal Customers
17625,19.0,4,2047.0,4,4,4,Champions
13495,8.0,5,2044.87,5,4,4,Champions
17597,214.0,1,2044.3700000000001,1,2,4,Lost Customers
17090,5.0,7,2043.95,5,5,4,Champions
13450,27.0,6,2043.72,4,5,4,Champions
14001,46.0,3,2043.08,3,4,4,Loyal Customers
12585,235.0,2,2040.1,1,3,4,At Risk
13593,109.0,5,2037.08,2,4,4,At Risk
18069,27.0,5,2036.67,4,4,4,Champions
17846,86.0,1,2033.1,2,2,4,Lost Customers
13630,6.0,7,2031.78,5,5,4,Champions
16409,37.0,5,2028.88,3,4,4,Loyal Customers
17337,152.0,4,2027.8700000000001,2,4,4,At Risk
16358,2.0,4,2027.5,5,4,4,Champions
14544,25.0,2,2024.45,4,3,4,Potential Loyalists
15341,81.0,1,2020.52,2,2,4,Lost Customers
14506,18.0,5,2012.17,4,4,4,Champions
15531,9.0,2,2007.44,5,3,4,Potential Loyalists
15372,138.0,1,2007.4,2,2,4,Lost Customers
16098,88.0,7,2005.6299999999999,2,5,4,At Risk
14730,2.0,8,2005.06,5,5,4,Champions
14217,2.0,17,2004.98,5,5,4,Champions
14462,67.0,11,2004.02,3,5,4,Loyal Customers
17082,34.0,2,2003.85,3,3,4,Other
16754,373.0,1,2002.4,1,2,4,Lost Customers
15493,33.0,5,2001.8,3,4,4,Loyal Customers
18188,16.0,3,2001.04,4,4,4,Champions
13305,5.0,10,2000.86,5,5,4,Champions
16698,227.0,2,1998.0,1,3,4,At Risk
17827,6.0,5,1995.46,5,4,4,Champions
18204,72.0,3,1993.7,3,4,4,Loyal Customers
17679,53.0,2,1992.11,3,3,4,Other
17088,29.0,4,1991.01,4,4,4,Champions
13246,19.0,6,1987.3,4,5,4,Champions
13590,12.0,6,1981.92,5,5,4,Champions
13725,50.0,8,1980.56,3,5,4,Loyal Customers
17422,17.0,6,1979.37,4,5,4,Champions
16341,25.0,4,1971.87,4,4,4,Champions
17997,75.0,8,1970.67,2,5,4,At Risk
12674,39.0,4,1970.6,3,4,4,Loyal Customers
17790,27.0,14,1965.55,4,5,4,Champions
17218,5.0,10,1960.72,5,5,4,Champions
15351,13.0,7,1960.11,5,5,4,Champions
14498,43.0,5,1957.32,3,4,4,Loyal Customers
12853,135.0,6,1957.1,2,5,4,At Risk
17554,2.0,5,1952.45,5,4,4,Champions
14533,25.0,7,1949.72,4,5,4,Champions
14653,2.0,7,1947.55,5,5,4,Champions
15814,17.0,4,1945.33,4,4,4,Champions
15518,65.0,8,1942.45,3,5,4,Loyal Customers
14418,4.0,3,1937.25,5,4,4,Champions
14472,104.0,8,1936.84,2,5,4,At Risk
15864,23.0,6,1936.32,4,5,4,Champions
15157,4.0,3,1936.07,5,4,4,Champions
12528,10.0,6,1933.48,5,5,4,Champions
14655,9.0,4,1932.23,5,4,4,Champions
14978,73.0,5,1931.42,2,4,4,At Risk
16983,13.0,7,1931.25,5,5,4,Champions
13094,22.0,12,1927.32,4,5,4,Champions
16942,13.0,9,1920.59,5,5,4,Champions
15021,9.0,9,1914.82,5,5,4,Champions
17368,24.0,8,1912.67,4,5,4,Champions
14285,22.0,4,1910.01,4,4,4,Champions
16426,3.0,10,1908.25,5,5,4,Champions
17228,16.0,8,1906.09,4,5,4,Champions
14210,106.0,6,1905.84,2,5,4,At Risk
15819,50.0,4,1905.45,3,4,4,Loyal Customers
14250,8.0,3,1904.05,5,4,4,Champions
12762,8.0,2,1898.52,5,3,4,Potential Loyalists
17463,17.0,5,1896.41,4,4,4,Champions
17870,3.0,12,1894.35,5,5,4,Champions
14934,82.0,2,1890.94,2,3,4,At Risk
12371,45.0,2,1887.96,3,3,4,Other
15641,106.0,4,1887.2,2,4,4,At Risk
16170,51.0,6,1885.05,3,5,4,Loyal Customers
13890,2.0,10,1883.81,5,5,4,Champions
16128,18.0,5,1880.22,4,4,4,Champions
17738,20.0,4,1879.05,4,4,4,Champions
15367,58.0,4,1877.59,3,4,4,Loyal Customers
17293,9.0,9,1875.11,5,5,4,Champions
16986,30.0,2,1873.2,4,3,4,Potential Loyalists
13982,40.0,4,1871.81,3,4,4,Loyal Customers
16474,8.0,7,1871.5,5,5,4,Champions
17469,17.0,5,1870.97,4,4,4,Champions
16841,37.0,6,1869.82,3,5,4,Loyal Customers
14524,32.0,9,1867.68,4,5,4,Champions
17787,153.0,4,1865.19,2,4,4,At Risk
16201,4.0,4,1863.47,5,4,4,Champions
14887,80.0,1,1862.0,2,2,4,Lost Customers
12423,1.0,8,1859.31,5,5,4,Champions
17873,81.0,5,1859.1599999999999,2,4,4,At Risk
14305,72.0,3,1858.96,3,4,4,Loyal Customers
12963,9.0,8,1856.63,5,5,4,Champions
16979,4.0,6,1852.0,5,5,4,Champions
13421,41.0,2,1851.08,3,3,4,Other
12383,185.0,5,1850.56,1,4,4,At Risk
12381,5.0,5,1845.31,5,4,4,Champions
17519,18.0,6,1844.02,4,5,4,Champions
18180,5.0,6,1843.75,5,5,4,Champions
12950,3.0,3,1843.0,5,4,4,Champions
17015,29.0,3,1842.56,4,4,4,Champions
16102,43.0,3,1842.1399999999999,3,4,4,Loyal Customers
16455,64.0,7,1841.18,3,5,4,Loyal Customers
14113,4.0,4,1840.42,5,4,4,Champions
14216,4.0,4,1839.3,5,4,4,Champions
13924,2.0,6,1838.85,5,5,4,Champions
14459,156.0,1,1837.92,2,2,4,Lost Customers
18287,43.0,3,1837.28,3,4,4,Loyal Customers
13650,17.0,6,1836.34,4,5,4,Champions
15827,74.0,14,1836.09,2,5,4,At Risk
13048,15.0,4,1835.91,4,4,4,Champions
14665,61.0,5,1835.7,3,4,4,Loyal Customers
16152,269.0,1,1829.04,1,2,4,Lost Customers
15203,26.0,6,1827.8,4,5,4,Champions
18122,9.0,6,1826.21,5,5,4,Champions
17702,31.0,4,1824.37,4,4,4,Champions
16153,50.0,5,1824.23,3,4,4,Loyal Customers
17705,4.0,9,1823.52,5,5,4,Champions
16169,9.0,4,1822.97,5,4,4,Champions
17828,23.0,4,1820.09,4,4,4,Champions
17629,6.0,8,1814.12,5,5,4,Champions
15260,101.0,7,1810.77,2,5,4,At Risk
13481,46.0,5,1804.56,3,4,4,Loyal Customers
17663,26.0,7,1802.91,4,5,4,Champions
15812,108.0,5,1801.14,2,4,4,At Risk
16249,53.0,5,1800.07,3,4,4,Loyal Customers
13562,82.0,3,1799.3300000000002,2,4,4,At Risk
13196,12.0,4,1797.78,5,4,4,Champions
17750,6.0,9,1797.57,5,5,4,Champions
17648,61.0,4,1797.5,3,4,4,Loyal Customers
12348,76.0,4,1797.24,2,4,4,At Risk
18235,72.0,3,1796.48,3,4,4,Loyal Customers
13134,86.0,4,1793.58,2,4,4,At Risk
18179,10.0,6,1793.17,5,5,4,Champions
13510,2.0,4,1791.56,5,4,4,Champions
16719,15.0,7,1790.42,4,5,4,Champions
12523,20.0,11,1789.77,4,5,4,Champions
14215,12.0,6,1789.72,5,5,4,Champions
14621,2.0,5,1788.36,5,4,4,Champions
13875,54.0,5,1786.79,3,4,4,Loyal Customers
14608,5.0,4,1785.15,5,4,4,Champions
14935,298.0,1,1784.71,1,2,4,Lost Customers
15050,26.0,3,1782.09,4,4,4,Champions
16380,62.0,1,1780.59,3,2,4,Other
15220,52.0,6,1778.96,3,5,4,Loyal Customers
17092,51.0,4,1777.78,3,4,4,Loyal Customers
12645,34.0,4,1775.18,3,4,4,Loyal Customers
17754,1.0,5,1772.26,5,4,4,Champions
15594,16.0,5,1771.78,4,4,4,Champions
15473,15.0,7,1771.2,4,5,4,Champions
17813,15.0,5,1770.88,4,4,4,Champions
14387,33.0,3,1770.56,4,4,4,Champions
16681,73.0,6,1770.34,2,5,4,At Risk
13456,18.0,6,1766.72,4,5,4,Champions
15950,32.0,4,1765.51,4,4,4,Champions
16751,31.0,1,1764.72,4,2,4,Potential Loyalists
12424,163.0,2,1760.96,2,3,4,At Risk
12823,75.0,5,1759.5,2,4,4,At Risk
12349,19.0,1,1757.55,4,2,4,Potential Loyalists
15241,67.0,8,1756.44,3,5,4,Loyal Customers
16359,8.0,9,1750.92,5,5,4,Champions
13564,145.0,3,1749.02,2,4,4,At Risk
13808,6.0,5,1747.66,5,4,4,Champions
15067,79.0,3,1744.76,2,4,4,At Risk
13157,50.0,4,1741.22,3,4,4,Loyal Customers
14595,20.0,6,1740.6,4,5,4,Champions
17930,36.0,5,1740.48,3,4,4,Loyal Customers
17353,130.0,2,1740.0,2,3,4,At Risk
17457,127.0,5,1737.7,2,4,4,At Risk
14673,4.0,5,1736.4,5,4,4,Champions
17043,33.0,4,1735.18,4,4,4,Champions
16791,30.0,7,1721.78,4,5,4,Champions
17451,2.0,7,1721.3999999999999,5,5,4,Champions
14834,18.0,6,1720.3,4,5,4,Champions
15267,23.0,5,1717.36,4,4,4,Champions
17162,29.0,10,1715.46,4,5,4,Champions
13763,64.0,1,1714.96,3,2,4,Other
17147,23.0,4,1714.59,4,4,4,Champions
14441,1.0,4,1712.89,5,4,4,Champions
12405,149.0,1,1710.3899999999999,2,2,4,Lost Customers
15947,83.0,1,1708.24,2,2,4,Lost Customers
12407,50.0,5,1708.12,3,4,4,Loyal Customers
16902,117.0,1,1706.88,2,2,4,Lost Customers
15240,45.0,5,1706.57,3,4,4,Loyal Customers
16398,155.0,2,1705.8,2,3,4,At Risk
17282,131.0,3,1703.41,2,4,4,At Risk
12843,66.0,8,1702.26,3,5,4,Loyal Customers
16007,48.0,4,1701.94,3,4,4,Loyal Customers
13184,15.0,10,1701.29,4,5,4,Champions
17193,36.0,7,1699.3,3,5,4,Loyal Customers
13824,33.0,5,1698.94,3,4,4,Loyal Customers
16775,11.0,11,1695.66,5,5,4,Champions
12764,317.0,1,1693.88,1,2,4,Lost Customers
14245,220.0,2,1693.45,1,3,4,At Risk
15549,78.0,3,1693.26,2,4,4,At Risk
16813,9.0,10,1692.98,5,5,4,Champions
16671,29.0,3,1692.27,4,4,4,Champions
15380,9.0,5,1690.26,5,4,4,Champions
17152,195.0,3,1689.5,1,4,4,At Risk
12635,90.0,2,1689.18,2,3,4,At Risk
13162,123.0,4,1688.29,2,4,4,At Risk
13577,26.0,4,1687.6000000000001,4,4,4,Champions
16638,23.0,10,1680.72,4,5,4,Champions
13647,10.0,4,1678.12,5,4,4,Champions
13149,15.0,4,1676.06,4,4,4,Champions
17656,74.0,5,1674.69,2,4,4,At Risk
16115,10.0,8,1667.97,5,5,4,Champions
12912,3.0,5,1662.3,5,4,4,Champions
12530,60.0,4,1662.28,3,4,4,Loyal Customers
13012,10.0,8,1661.84,5,5,4,Champions
15214,2.0,8,1661.44,5,5,4,Champions
15024,10.0,10,1661.33,5,5,4,Champions
15332,367.0,4,1661.06,1,4,4,At Risk
12967,359.0,2,1660.8999999999999,1,3,4,At Risk
14045,110.0,4,1659.75,2,4,4,At Risk
15953,16.0,8,1659.3799999999999,4,5,4,Champions
15826,57.0,3,1654.31,3,4,4,Loyal Customers
14573,180.0,9,1653.42,1,5,4,At Risk
17284,61.0,6,1652.58,3,5,4,Loyal Customers
16711,4.0,5,1651.03,5,4,4,Champions
14837,90.0,4,1649.5,2,4,4,At Risk
13750,54.0,5,1647.26,3,4,4,Loyal Customers
12657,12.0,4,1643.18,5,4,4,Champions
15002,116.0,4,1641.76,2,4,4,At Risk
13627,60.0,5,1638.47,3,4,4,Loyal Customers
12398,46.0,1,1635.66,3,2,4,Other
15122,115.0,3,1633.78,2,4,4,At Risk
14164,71.0,2,1631.77,3,3,4,Other
17673,2.0,6,1629.12,5,5,4,Champions
12377,316.0,2,1628.1200000000001,1,3,4,At Risk
16515,53.0,5,1627.1299999999999,3,4,4,Loyal Customers
14759,5.0,3,1625.97,5,4,4,Champions
16987,4.0,7,1625.05,5,5,4,Champions
13425,109.0,3,1624.21,2,4,4,At Risk
15172,9.0,5,1624.05,5,4,4,Champions
14937,57.0,3,1621.88,3,4,4,Loyal Customers
17101,11.0,4,1621.73,5,4,4,Champions
14178,9.0,7,1620.93,5,5,4,Champions
16801,164.0,4,1619.73,2,4,4,At Risk
18161,16.0,5,1618.69,4,4,4,Champions
14336,17.0,4,1614.91,4,4,4,Champions
16992,11.0,5,1614.31,5,4,4,Champions
15791,44.0,2,1612.69,3,3,4,Other
14312,47.0,6,1611.59,3,5,4,Loyal Customers
13614,25.0,4,1610.46,4,4,4,Champions
14918,116.0,2,1610.15,2,3,4,At Risk
12868,186.0,6,1607.06,1,5,4,At Risk
16817,3.0,9,1604.75,5,5,4,Champions
12947,144.0,6,1603.99,2,5,4,At Risk
16466,34.0,7,1603.46,3,5,4,Loyal Customers
14719,2.0,5,1602.13,5,4,4,Champions
14587,19.0,9,1601.14,4,5,4,Champions
15660,26.0,9,1600.86,4,5,4,Champions
16496,9.0,3,1599.52,5,4,4,Champions
13850,130.0,1,1595.48,2,2,4,Lost Customers
17837,43.0,8,1593.38,3,5,4,Loyal Customers
16332,29.0,7,1593.2,4,5,4,Champions
16676,34.0,4,1592.12,3,4,4,Loyal Customers
14970,69.0,4,1592.06,3,4,4,Loyal Customers
15611,10.0,13,1591.45,5,5,4,Champions
18178,129.0,4,1590.81,2,4,4,At Risk
14442,205.0,2,1589.82,1,3,4,At Risk
12393,73.0,4,1582.6,2,4,4,At Risk
15532,26.0,4,1580.93,4,4,4,Champions
12607,61.0,1,1579.51,3,2,4,Other
13814,93.0,2,1579.12,2,3,4,At Risk
16889,195.0,3,1578.67,1,4,4,At Risk
13186,40.0,3,1575.89,3,4,4,Loyal Customers
13634,34.0,5,1575.16,3,4,4,Loyal Customers
13659,206.0,2,1573.2,1,3,4,At Risk
17671,16.0,4,1572.71,4,4,4,Champions
16283,6.0,5,1570.81,5,4,4,Champions
12865,27.0,2,1568.23,4,3,4,Potential Loyalists
15906,20.0,7,1567.69,4,5,4,Champions
15111,30.0,3,1567.48,4,4,4,Champions
17085,124.0,5,1566.65,2,4,4,At Risk
17204,176.0,4,1564.56,2,4,4,At Risk
18239,219.0,5,1561.61,1,4,4,At Risk
14038,79.0,3,1560.38,2,4,4,At Risk
16394,57.0,5,1555.34,3,4,4,Loyal Customers
13313,23.0,5,1555.32,4,4,4,Champions
16369,19.0,3,1553.66,4,4,4,Champions
15620,57.0,3,1553.18,3,4,4,Loyal Customers
15117,15.0,5,1551.78,4,4,4,Champions
13320,79.0,4,1548.7,2,4,4,At Risk
14229,52.0,3,1547.2,3,4,4,Loyal Customers
14704,12.0,9,1546.91,5,5,4,Champions
16790,4.0,6,1545.62,5,5,4,Champions
13397,73.0,5,1544.13,2,4,4,At Risk
15701,3.0,4,1542.14,5,4,4,Champions
12818,262.0,1,1542.08,1,2,4,Lost Customers
16365,18.0,9,1540.42,4,5,4,Champions
17159,22.0,3,1538.88,4,4,4,Champions
13849,52.0,2,1537.95,3,3,4,Other
12877,4.0,12,1535.77,5,5,4,Champions
15392,5.0,4,1535.53,5,4,4,Champions
15625,104.0,4,1534.26,2,4,4,At Risk
13107,45.0,4,1531.6200000000001,3,4,4,Loyal Customers
12759,53.0,3,1531.44,3,4,4,Loyal Customers
14321,11.0,5,1530.75,5,4,4,Champions
14567,57.0,2,1530.36,3,3,4,Other
15916,17.0,8,1528.09,4,5,4,Champions
16244,212.0,2,1522.75,1,3,4,At Risk
16434,30.0,7,1522.25,4,5,4,Champions
16066,17.0,5,1521.8700000000001,4,4,4,Champions
13764,71.0,3,1521.76,3,4,4,Loyal Customers
13213,57.0,5,1520.58,3,4,4,Loyal Customers
16880,31.0,7,1519.08,4,5,4,Champions
14267,163.0,3,1516.24,2,4,4,At Risk
13791,128.0,2,1516.0,2,3,4,At Risk
16748,18.0,5,1515.9,4,4,4,Champions
16053,33.0,2,1511.95,4,3,4,Potential Loyalists
16910,5.0,8,1510.06,5,5,4,Champions
16279,22.0,3,1509.58,4,4,4,Champions
16016,4.0,8,1508.76,5,5,4,Champions
15265,152.0,2,1506.12,2,3,4,At Risk
12937,16.0,4,1504.27,4,4,4,Champions
15530,22.0,4,1502.35,4,4,4,Champions
16762,20.0,3,1501.3799999999999,4,4,4,Champions
13810,29.0,3,1499.01,4,4,4,Champions
17571,51.0,4,1498.51,3,4,4,Loyal Customers
14414,92.0,7,1496.98,2,5,4,At Risk
16755,115.0,3,1496.83,2,4,4,At Risk
17002,86.0,3,1493.73,2,4,4,At Risk
15057,276.0,2,1489.5,1,3,4,At Risk
13110,32.0,7,1488.67,4,5,4,Champions
13692,25.0,3,1488.32,4,4,4,Champions
14963,10.0,5,1487.8,5,4,4,Champions
17553,130.0,1,1487.6,2,2,4,Lost Customers
16395,61.0,5,1486.9,3,4,4,Loyal Customers
14878,13.0,9,1485.54,5,5,4,Champions
14758,145.0,4,1484.06,2,4,4,At Risk
18016,33.0,5,1483.56,3,4,4,Loyal Customers
15427,34.0,3,1483.14,3,4,4,Loyal Customers
17590,3.0,3,1479.22,5,4,4,Champions
14403,131.0,4,1475.81,2,4,4,At Risk
15983,23.0,4,1475.02,4,4,4,Champions
12826,3.0,7,1474.72,5,5,4,Champions
14404,34.0,6,1474.32,3,5,4,Loyal Customers
14246,111.0,3,1474.06,2,4,4,At Risk
15128,61.0,4,1471.0,3,4,4,Loyal Customers
16348,33.0,7,1469.45,3,5,4,Loyal Customers
14875,108.0,2,1465.32,2,3,4,At Risk
12882,10.0,2,1463.04,5,3,4,Potential Loyalists
14233,50.0,4,1462.72,3,4,4,Loyal Customers
14541,59.0,8,1461.65,3,5,4,Loyal Customers
17063,22.0,7,1461.14,4,5,4,Champions
16059,66.0,6,1459.86,3,5,4,Loyal Customers
16996,31.0,6,1456.96,4,5,4,Champions
13309,8.0,5,1456.79,5,4,4,Champions
13477,38.0,6,1454.58,3,5,4,Loyal Customers
15987,13.0,7,1451.28,5,5,4,Champions
14740,198.0,3,1448.21,1,4,4,At Risk
15426,20.0,5,1447.39,4,4,4,Champions
14591,16.0,4,1447.14,4,4,4,Champions
17073,18.0,4,1446.09,4,4,4,Champions
13717,33.0,6,1445.01,3,5,4,Loyal Customers
13461,39.0,3,1445.0,3,4,4,Loyal Customers
17175,45.0,4,1443.69,3,4,4,Loyal Customers
15478,41.0,2,1441.42,3,3,4,Other
15858,16.0,5,1438.85,4,4,4,Champions
14071,4.0,8,1438.82,5,5,4,Champions
13159,9.0,4,1437.85,5,4,4,Champions
14566,111.0,1,1432.0,2,2,4,Lost Customers
16503,107.0,4,1431.93,2,4,4,At Risk
13475,192.0,4,1431.78,1,4,4,At Risk
16103,8.0,6,1429.64,5,5,4,Champions
16271,3.0,5,1429.24,5,4,4,Champions
14035,29.0,5,1428.02,4,4,4,Champions
15681,26.0,5,1426.16,4,4,4,Champions
15106,18.0,5,1422.52,4,4,4,Champions
16463,22.0,4,1422.4,4,4,4,Champions
16571,27.0,3,1421.69,4,4,4,Champions
14019,47.0,3,1421.61,3,4,4,Loyal Customers
14901,12.0,9,1421.29,5,5,4,Champions
14443,54.0,4,1420.2,3,4,4,Loyal Customers
17288,10.0,7,1419.73,5,5,4,Champions
16173,16.0,6,1418.32,4,5,4,Champions
15444,10.0,2,1418.26,5,3,4,Potential Loyalists
17856,2.0,4,1418.03,5,4,4,Champions
18116,68.0,8,1418.03,3,5,4,Loyal Customers
14649,5.0,4,1417.29,5,4,4,Champions
14748,30.0,5,1415.75,4,4,4,Champions
16012,36.0,3,1415.29,3,4,4,Loyal Customers
16245,24.0,3,1413.66,4,4,4,Champions
17004,47.0,2,1412.94,3,3,4,Other
15237,2.0,4,1412.32,5,4,4,Champions
15596,101.0,5,1406.59,2,4,4,At Risk
17083,110.0,3,1405.78,2,4,4,At Risk
15563,23.0,4,1400.44,4,4,4,Champions
14741,12.0,6,1400.34,5,5,4,Champions
18202,200.0,3,1396.99,1,4,4,At Risk
13995,16.0,5,1393.69,4,4,4,Champions
17354,51.0,1,1393.06,3,2,4,Other
15810,79.0,4,1391.98,2,4,4,At Risk
15051,24.0,3,1391.61,4,4,4,Champions
13414,134.0,3,1390.5,2,4,4,At Risk
13516,22.0,3,1389.41,4,4,4,Champions
15898,2.0,5,1388.88,5,4,4,Champions
16539,3.0,4,1388.81,5,4,4,Champions
15453,2.0,7,1388.37,5,5,4,Champions
15134,15.0,8,1387.99,4,5,4,Champions
12952,6.0,4,1387.79,5,4,4,Champions
17676,5.0,6,1387.68,5,5,4,Champions
12775,18.0,5,1386.04,4,4,4,Champions
13308,23.0,3,1385.51,4,4,4,Champions
18167,24.0,3,1384.86,4,4,4,Champions
17311,79.0,2,1384.85,2,3,4,At Risk
13572,206.0,1,1384.25,1,2,4,Lost Customers
14507,24.0,6,1383.18,4,5,4,Champions
14116,20.0,5,1382.74,4,4,4,Champions
16389,54.0,4,1382.07,3,4,4,Loyal Customers
16726,27.0,5,1382.02,4,4,4,Champions
17621,22.0,3,1379.9,4,4,4,Champions
12886,68.0,2,1378.4,3,3,4,Other
15569,104.0,5,1375.71,2,4,4,At Risk
16669,24.0,3,1374.87,4,4,4,Champions
14434,22.0,6,1372.8,4,5,4,Champions
15095,104.0,4,1370.6,2,4,4,At Risk
13813,40.0,4,1366.86,3,4,4,Loyal Customers
14897,8.0,4,1366.38,5,4,4,Champions
13396,30.0,2,1360.99,4,3,4,Potential Loyalists
14102,6.0,5,1360.28,5,4,4,Champions
15411,27.0,4,1358.88,4,4,4,Champions
13232,13.0,7,1357.6,5,5,4,Champions
17054,29.0,5,1356.33,4,4,4,Champions
14859,13.0,4,1353.74,5,4,4,Champions
14064,30.0,5,1353.74,4,4,4,Champions
15116,18.0,4,1352.75,4,4,4,Champions
16079,17.0,3,1352.0,4,4,4,Champions
16493,80.0,4,1351.6299999999999,2,4,4,At Risk
12770,211.0,1,1351.45,1,2,4,Lost Customers
12646,5.0,2,1346.97,5,3,4,Potential Loyalists
14154,240.0,2,1345.62,1,3,4,At Risk
15398,17.0,2,1345.53,4,3,4,Potential Loyalists
12463,54.0,4,1344.78,3,4,4,Loyal Customers
17372,41.0,8,1342.68,3,5,4,Loyal Customers
16317,120.0,3,1341.65,2,4,4,At Risk
13743,3.0,7,1341.6,5,5,4,Champions
18177,32.0,6,1341.42,4,5,4,Champions
16045,120.0,4,1340.7,2,4,4,At Risk
13501,289.0,1,1340.32,1,2,4,Lost Customers
15734,115.0,2,1339.45,2,3,4,At Risk
12620,15.0,3,1339.41,4,4,4,Champions
15059,41.0,9,1337.72,3,5,4,Loyal Customers
16110,46.0,3,1337.48,3,4,4,Loyal Customers
12919,9.0,6,1335.19,5,5,4,Champions
15680,10.0,3,1333.68,5,4,4,Champions
17932,30.0,3,1331.57,4,4,4,Champions
12676,25.0,6,1331.39,4,5,4,Champions
16295,10.0,4,1328.55,5,4,4,Champions
15146,165.0,2,1327.1599999999999,2,3,4,At Risk
17633,32.0,4,1324.84,4,4,4,Champions
12854,79.0,3,1324.5,2,4,4,At Risk
17095,23.0,3,1324.16,4,4,4,Champions
16370,83.0,4,1320.56,2,4,4,At Risk
14794,3.0,7,1319.91,5,5,4,Champions
13168,37.0,4,1319.19,3,4,4,Loyal Customers
16083,101.0,2,1317.6200000000001,2,3,4,At Risk
12526,1.0,3,1316.66,5,4,4,Champions
14921,31.0,2,1316.07,4,3,4,Potential Loyalists
12576,36.0,5,1315.83,3,4,4,Loyal Customers
14511,12.0,5,1314.81,5,4,4,Champions
16464,20.0,3,1314.68,4,4,4,Champions
14738,43.0,7,1314.45,3,5,4,Loyal Customers
14973,108.0,3,1314.45,2,4,4,At Risk
16040,66.0,3,1313.55,3,4,4,Loyal Customers
12364,8.0,4,1313.1,5,4,4,Champions
12516,78.0,2,1312.06,2,3,4,At Risk
14856,37.0,3,1311.38,3,4,4,Loyal Customers
14477,20.0,4,1309.6,4,4,4,Champions
16120,60.0,4,1309.14,3,4,4,Loyal Customers
14047,9.0,5,1308.61,5,4,4,Champions
13328,317.0,1,1308.48,1,2,4,Lost Customers
14297,18.0,4,1305.33,4,4,4,Champions
12507,135.0,3,1304.81,2,4,4,At Risk
16744,12.0,7,1304.76,5,5,4,Champions
17919,89.0,1,1304.04,2,2,4,Lost Customers
15813,208.0,2,1303.91,1,3,4,At Risk
14898,24.0,6,1303.52,4,5,4,Champions
15108,142.0,4,1300.25,2,4,4,At Risk
15494,22.0,2,1299.23,4,3,4,Potential Loyalists
12488,10.0,3,1298.66,5,4,4,Champions
12372,72.0,3,1298.04,3,4,4,Loyal Customers
15602,9.0,9,1297.87,5,5,4,Champions
17961,22.0,39,1296.44,4,5,4,Champions
16929,4.0,7,1295.39,5,5,4,Champions
16224,58.0,4,1295.3,3,4,4,Loyal Customers
15621,5.0,4,1293.03,5,4,4,Champions
16101,71.0,1,1290.7,3,2,4,Other
15171,332.0,1,1289.5,1,2,4,Lost Customers
15136,3.0,4,1286.7,5,4,4,Champions
16949,4.0,6,1286.27,5,5,4,Champions
17350,9.0,4,1286.07,5,4,4,Champions
17802,83.0,3,1285.04,2,4,4,At Risk
16899,8.0,6,1281.56,5,5,4,Champions
13878,55.0,1,1281.53,3,2,4,Other
13538,44.0,7,1280.85,3,5,4,Loyal Customers
16951,135.0,3,1277.75,2,4,4,At Risk
16692,257.0,2,1276.0,1,3,4,At Risk
17019,12.0,4,1272.61,5,4,4,Champions
12394,64.0,2,1272.48,3,3,4,Other
12630,10.0,2,1270.8799999999999,5,3,4,Potential Loyalists
14669,242.0,3,1269.99,1,4,4,At Risk
13492,137.0,3,1269.84,2,4,4,At Risk
13431,68.0,2,1269.1,3,3,4,Other
14916,71.0,4,1268.98,3,4,4,Loyal Customers
15199,60.0,4,1268.7,3,4,4,Loyal Customers
16660,17.0,4,1267.65,4,4,4,Champions
17037,88.0,1,1267.32,2,2,4,Lost Customers
17158,33.0,3,1266.97,4,4,4,Champions
14105,240.0,1,1266.23,1,2,4,Lost Customers
13989,66.0,2,1266.08,3,3,4,Other
16842,101.0,3,1264.19,2,4,4,At Risk
15497,18.0,2,1262.2,4,3,4,Potential Loyalists
15009,13.0,3,1261.78,5,4,4,Champions
16688,2.0,4,1260.86,5,4,4,Champions
17388,78.0,4,1259.56,2,4,4,At Risk
17412,3.0,7,1258.06,5,5,4,Champions
13151,296.0,1,1257.87,1,2,4,Lost Customers
14931,5.0,5,1257.68,5,4,4,Champions
16639,32.0,3,1257.51,4,4,4,Champions
17481,4.0,4,1255.59,5,4,4,Champions
13848,93.0,3,1255.0,2,4,4,At Risk
17262,53.0,5,1253.36,3,4,4,Loyal Customers
14698,2.0,5,1250.76,5,4,4,Champions
14383,39.0,3,1247.69,3,4,4,Loyal Customers
12689,26.0,2,1247.61,4,3,4,Potential Loyalists
13029,31.0,3,1247.5,4,4,4,Champions
15004,148.0,1,1246.32,2,2,4,Lost Customers
12494,16.0,7,1246.1,4,5,4,Champions
13860,2.0,5,1245.9,5,4,4,Champions
14428,8.0,5,1244.83,5,4,4,Champions
16531,23.0,7,1244.59,4,5,4,Champions
17584,8.0,2,1242.3,5,3,4,Potential Loyalists
17588,101.0,3,1240.2,2,4,4,At Risk
17731,80.0,4,1240.11,2,4,4,At Risk
12985,1.0,2,1239.38,5,3,4,Potential Loyalists
13476,179.0,2,1238.47,2,3,4,At Risk
14893,10.0,2,1237.85,5,3,4,Potential Loyalists
13931,96.0,2,1237.53,2,3,4,At Risk
15201,88.0,5,1236.54,2,4,4,At Risk
14684,26.0,5,1236.28,4,4,4,Champions
15376,41.0,3,1233.36,3,4,4,Loyal Customers
15910,1.0,8,1232.18,5,5,4,Champions
18080,19.0,2,1231.5,4,3,4,Potential Loyalists
18171,59.0,5,1231.31,3,4,4,Loyal Customers
14913,36.0,4,1227.43,3,4,4,Loyal Customers
12997,23.0,4,1226.89,4,4,4,Champions
12412,75.0,3,1226.8799999999999,2,4,4,At Risk
17774,97.0,4,1225.41,2,4,4,At Risk
15841,73.0,4,1224.06,2,4,4,At Risk
13208,59.0,6,1223.9,3,5,4,Loyal Customers
16794,2.0,10,1222.71,5,5,4,Champions
14745,113.0,5,1220.26,2,4,4,At Risk
15227,37.0,5,1219.4,3,4,4,Loyal Customers
13491,52.0,10,1215.82,3,5,4,Loyal Customers
17410,17.0,5,1214.72,4,4,4,Champions
13055,79.0,3,1214.41,2,4,4,At Risk
18263,26.0,3,1213.16,4,4,4,Champions
13918,50.0,2,1212.84,3,3,4,Other
16653,17.0,2,1212.66,4,3,4,Potential Loyalists
12464,11.0,8,1212.05,5,5,4,Champions
17653,37.0,4,1207.56,3,4,4,Loyal Customers
15737,15.0,8,1205.12,4,5,4,Champions
16800,12.0,1,1201.49,5,2,4,Potential Loyalists
13158,95.0,4,1201.06,2,4,4,At Risk
17320,101.0,3,1200.62,2,4,4,At Risk
17800,38.0,9,1199.01,3,5,4,Loyal Customers
15605,37.0,5,1198.23,3,4,4,Loyal Customers
13118,20.0,5,1197.81,4,4,4,Champions
13211,11.0,3,1197.42,5,4,4,Champions
16042,23.0,5,1197.27,4,4,4,Champions
17867,31.0,6,1197.1000000000001,4,5,4,Champions
14487,27.0,6,1196.33,4,5,4,Champions
17720,27.0,4,1195.94,4,4,4,Champions
17526,5.0,4,1195.9,5,4,4,Champions
15145,5.0,4,1194.73,5,4,4,Champions
12611,53.0,1,1193.32,3,2,4,Other
13882,3.0,5,1191.13,5,4,4,Champions
12462,19.0,2,1189.59,4,3,4,Potential Loyalists
16612,33.0,4,1187.66,4,4,4,Champions
15630,46.0,2,1186.35,3,3,4,Other
13752,125.0,6,1186.28,2,5,4,At Risk
17058,82.0,3,1179.89,2,4,4,At Risk
16950,57.0,3,1178.56,3,4,4,Loyal Customers
12885,64.0,3,1175.22,3,4,4,Loyal Customers
12640,24.0,3,1174.58,4,4,4,Champions
15306,65.0,3,1174.35,3,4,4,Loyal Customers
14857,60.0,2,1173.12,3,3,4,Other
13611,90.0,3,1171.8,2,4,4,At Risk
18168,177.0,6,1169.94,2,5,4,At Risk
12358,2.0,2,1168.06,5,3,4,Potential Loyalists
13500,24.0,3,1166.77,4,4,4,Champions
14737,4.0,3,1164.55,5,4,4,Champions
14261,51.0,2,1163.45,3,3,4,Other
14447,19.0,5,1163.23,4,4,4,Champions
16714,219.0,3,1161.53,1,4,4,At Risk
12546,47.0,2,1161.5,3,3,4,Other
15088,22.0,2,1160.07,4,3,4,Potential Loyalists
17348,15.0,5,1159.52,4,4,4,Champions
13499,18.0,5,1159.11,4,4,4,Champions
16184,65.0,6,1158.79,3,5,4,Loyal Customers
14723,11.0,6,1158.3,5,5,4,Champions
13744,96.0,2,1156.36,2,3,4,At Risk
16637,33.0,4,1154.47,4,4,4,Champions
16062,10.0,4,1153.62,5,4,4,Champions
12710,97.0,3,1149.02,2,4,4,At Risk
17505,162.0,2,1145.84,2,3,4,At Risk
16766,274.0,2,1145.6,1,3,4,At Risk
12769,239.0,1,1143.6,1,2,4,Lost Customers
17770,199.0,5,1143.27,1,4,4,At Risk
18125,30.0,4,1142.99,4,4,4,Champions
15985,124.0,2,1142.42,2,3,4,At Risk
16270,354.0,1,1141.24,1,2,4,Lost Customers
13330,93.0,3,1140.93,2,4,4,At Risk
13819,302.0,3,1140.35,1,4,4,At Risk
16172,96.0,5,1140.21,2,4,4,At Risk
17135,17.0,7,1139.73,4,5,4,Champions
17500,18.0,3,1138.0,4,4,4,Champions
17302,15.0,5,1135.6299999999999,4,4,4,Champions
17242,109.0,2,1135.04,2,3,4,At Risk
15489,23.0,3,1134.28,4,4,4,Champions
16989,8.0,6,1133.25,5,5,4,Champions
17585,110.0,4,1133.07,2,4,4,At Risk
13282,19.0,3,1132.1399999999999,4,4,4,Champions
13772,34.0,3,1132.13,3,4,4,Loyal Customers
13310,29.0,3,1132.03,4,4,4,Champions
13610,13.0,7,1131.88,5,5,4,Champions
15500,9.0,4,1131.56,5,4,4,Champions
13447,24.0,3,1129.14,4,4,4,Champions
14824,11.0,4,1127.71,5,4,4,Champions
12609,79.0,3,1126.85,2,4,4,At Risk
14708,3.0,3,1126.3700000000001,5,4,4,Champions
17470,45.0,5,1125.07,3,4,4,Loyal Customers
14129,2.0,5,1123.86,5,4,4,Champions
15436,13.0,3,1122.53,5,4,4,Champions
13486,79.0,3,1122.41,2,4,4,At Risk
17562,15.0,7,1122.3799999999999,4,5,4,Champions
16807,143.0,3,1121.59,2,4,4,At Risk
16086,60.0,5,1121.39,3,4,4,Loyal Customers
15730,66.0,3,1120.88,3,4,4,Loyal Customers
17894,72.0,8,1119.81,2,5,4,At Risk
14276,99.0,3,1119.74,2,4,4,At Risk
13064,13.0,4,1119.49,5,4,4,Champions
12842,71.0,2,1118.99,3,3,4,Other
15716,146.0,4,1118.81,2,4,4,At Risk
17788,74.0,2,1117.9,2,3,4,At Risk
13591,65.0,3,1117.1299999999999,3,4,4,Loyal Customers
14971,36.0,3,1116.57,3,4,4,Loyal Customers
16350,22.0,4,1116.47,4,4,4,Champions
12679,59.0,4,1113.02,3,4,4,Loyal Customers
17609,41.0,5,1112.22,3,4,4,Loyal Customers
16049,41.0,3,1111.79,3,4,4,Loyal Customers
14161,216.0,3,1110.52,1,4,4,At Risk
14817,201.0,2,1110.34,1,3,4,At Risk
15069,180.0,1,1109.53,1,2,4,Lost Customers
12399,120.0,4,1108.65,2,4,4,At Risk
15933,22.0,3,1107.46,4,4,4,Champions
16833,2.0,4,1106.53,5,4,4,Champions
12857,211.0,2,1106.4,1,3,4,At Risk
14410,93.0,9,1105.07,2,5,4,At Risk
14948,24.0,6,1101.97,4,5,4,Champions
17047,86.0,3,1100.9,2,4,4,At Risk
14744,17.0,7,1099.98,4,5,4,Champions
15978,78.0,1,1098.78,2,2,4,Lost Customers
13104,4.0,6,1098.48,5,5,4,Champions
17966,38.0,5,1098.43,3,4,4,Loyal Customers
16225,45.0,5,1096.32,3,4,4,Loyal Customers
16533,20.0,3,1095.56,4,4,4,Champions
13652,46.0,3,1095.08,3,4,4,Loyal Customers
15745,20.0,4,1094.59,4,4,4,Champions
15608,29.0,4,1093.68,4,4,4,Champions
13521,2.0,3,1093.65,5,4,4,Champions
18189,78.0,2,1090.24,2,3,4,At Risk
13853,58.0,1,1090.1399999999999,3,2,4,Other
12534,131.0,1,1089.18,2,2,4,Lost Customers
15763,32.0,2,1086.92,4,3,4,Potential Loyalists
13467,11.0,2,1083.71,5,3,4,Potential Loyalists
17041,27.0,3,1081.57,4,4,4,Champions
14561,76.0,3,1080.76,2,4,4,At Risk
16200,5.0,2,1080.6200000000001,5,3,4,Potential Loyalists
13726,39.0,2,1079.66,3,3,4,Other
15197,11.0,3,1079.61,5,4,4,Champions
12354,233.0,1,1079.4,1,2,4,Lost Customers
13715,282.0,5,1079.34,1,4,4,At Risk
14352,158.0,4,1078.96,2,4,4,At Risk
16980,256.0,2,1078.96,1,3,4,At Risk
16094,12.0,4,1078.23,5,4,4,Champions
16563,54.0,1,1077.74,3,2,4,Other
13131,24.0,3,1073.3,4,4,4,Champions
15712,10.0,5,1072.36,5,4,4,Champions
15238,30.0,3,1071.99,4,4,4,Champions
13635,68.0,1,1071.03,3,2,4,Other
17522,2.0,5,1070.71,5,4,4,Champions
13761,51.0,2,1070.65,3,3,4,Other
14212,90.0,1,1070.48,2,2,4,Lost Customers
17214,61.0,6,1069.1200000000001,3,5,4,Loyal Customers
16918,50.0,6,1068.82,3,5,4,Loyal Customers
15027,31.0,4,1066.15,4,4,4,Champions
17277,228.0,2,1065.35,1,3,4,At Risk
14488,68.0,1,1064.28,3,2,4,Other
17287,27.0,7,1064.11,4,5,4,Champions
12951,9.0,6,1064.07,5,5,4,Champions
15801,47.0,3,1063.95,3,4,4,Loyal Customers
12936,18.0,4,1063.9,4,4,4,Champions
12815,148.0,2,1063.46,2,3,4,At Risk
14411,311.0,1,1063.0,1,2,4,Lost Customers
16214,171.0,3,1062.75,2,4,4,At Risk
15996,89.0,6,1060.68,2,5,4,At Risk
15706,64.0,4,1060.56,3,4,4,Loyal Customers
17727,16.0,1,1060.25,4,2,4,Potential Loyalists
18130,16.0,3,1059.39,4,4,4,Champions
14465,247.0,3,1058.62,1,4,4,At Risk
13455,25.0,2,1058.34,4,3,4,Potential Loyalists
14419,11.0,6,1058.06,5,5,4,Champions
15407,34.0,4,1056.44,3,4,4,Loyal Customers
14514,62.0,3,1055.35,3,4,4,Loyal Customers
15977,18.0,2,1054.73,4,3,4,Potential Loyalists
16728,47.0,4,1054.67,3,4,4,Loyal Customers
12716,4.0,2,1053.49,5,3,4,Potential Loyalists
14583,6.0,5,1052.55,5,4,4,Champions
16416,27.0,3,1051.4,4,4,4,Champions
12849,32.0,2,1050.89,4,3,4,Potential Loyalists
14224,111.0,4,1050.12,2,4,4,At Risk
15329,40.0,3,1049.7,3,4,4,Loyal Customers
14078,102.0,6,1049.3700000000001,2,5,4,At Risk
15464,339.0,1,1048.85,1,2,4,Lost Customers
15839,34.0,3,1048.49,3,4,4,Loyal Customers
15777,242.0,4,1047.11,1,4,4,At Risk
16520,187.0,3,1046.57,1,4,4,At Risk
14293,4.0,4,1046.56,5,4,4,Champions
17042,3.0,5,1044.3799999999999,5,4,4,Champions
15192,120.0,3,1044.32,2,4,4,At Risk
14389,66.0,2,1043.46,3,3,4,Other
15073,10.0,3,1043.41,5,4,4,Champions
12497,82.0,1,1043.1,2,2,4,Lost Customers
14584,170.0,4,1042.26,2,4,4,At Risk
13719,16.0,5,1041.68,4,4,4,Champions
18221,23.0,5,1041.61,4,4,4,Champions
15434,9.0,5,1041.48,5,4,4,Champions
14446,1.0,4,1039.58,5,4,4,Champions
16320,173.0,2,1038.46,2,3,4,At Risk
16175,95.0,4,1037.59,2,4,4,At Risk
12691,29.0,6,1035.8,4,5,4,Champions
16260,51.0,1,1035.45,3,2,4,Other
13639,75.0,1,1033.34,2,2,4,Lost Customers
17724,72.0,3,1033.0,3,4,4,Loyal Customers
12599,30.0,7,1032.58,4,5,4,Champions
17405,2.0,3,1031.41,5,4,4,Champions
12724,6.0,4,1031.41,5,4,4,Champions
13235,213.0,1,1031.07,1,2,4,Lost Customers
12717,152.0,2,1030.98,2,3,4,At Risk
13253,157.0,2,1030.4,2,3,4,At Risk
17033,87.0,3,1030.14,2,4,4,At Risk
15333,209.0,1,1028.56,1,2,4,Lost Customers
16682,5.0,5,1028.0,5,4,4,Champions
15104,197.0,2,1027.44,1,3,4,At Risk
13956,6.0,5,1026.42,5,4,4,Champions
14904,3.0,2,1025.44,5,3,4,Potential Loyalists
16160,66.0,2,1025.44,3,3,4,Other
15658,191.0,5,1024.1,1,4,4,At Risk
17096,16.0,4,1022.13,4,4,4,Champions
14346,121.0,2,1021.58,2,3,4,At Risk
13165,47.0,2,1021.48,3,3,4,Other
12572,9.0,2,1020.42,5,3,4,Potential Loyalists
13376,100.0,3,1019.76,2,4,4,At Risk
18142,158.0,2,1019.52,2,3,4,At Risk
12828,3.0,6,1018.7099999999999,5,5,4,Champions
14083,5.0,9,1018.43,5,5,4,Champions
12514,268.0,1,1017.68,1,2,4,Lost Customers
13728,37.0,6,1016.14,3,5,4,Loyal Customers
13867,32.0,3,1015.29,4,4,4,Champions
12642,26.0,3,1013.26,4,4,4,Champions
12739,79.0,2,1013.04,2,3,4,At Risk
17197,30.0,1,1013.01,4,2,4,Potential Loyalists
14195,202.0,2,1012.0,1,3,4,At Risk
14775,59.0,3,1011.9,3,4,4,Loyal Customers
16229,88.0,2,1010.6,2,3,4,At Risk
13032,53.0,2,1010.1800000000001,3,3,4,Other
16572,128.0,3,1009.6,2,4,4,At Risk
16174,127.0,3,1009.55,2,4,4,At Risk
17951,40.0,3,1008.54,3,4,4,Loyal Customers
17646,220.0,3,1008.39,1,4,4,At Risk
14631,51.0,3,1006.98,3,4,4,Loyal Customers
13429,11.0,4,1006.8,5,4,4,Champions
17126,153.0,5,1004.75,2,4,4,At Risk
14214,31.0,5,1004.38,4,4,4,Champions
13410,25.0,5,1003.06,4,4,4,Champions
12446,58.0,1,1002.31,3,2,4,Other
12545,76.0,2,1000.39,2,3,4,At Risk
15508,190.0,6,1000.27,1,5,4,At Risk
18143,117.0,2,1000.16,2,3,4,At Risk
12722,86.0,4,997.63,2,4,4,At Risk
14540,10.0,3,996.26,5,4,4,Champions
15110,24.0,4,996.1,4,4,4,Champions
17594,86.0,2,993.18,2,3,4,At Risk
16009,23.0,4,992.71,4,4,4,Champions
13363,18.0,2,992.5,4,3,4,Potential Loyalists
14223,93.0,3,991.13,2,4,4,At Risk
16232,44.0,4,990.88,3,4,4,Loyal Customers
17324,18.0,4,990.23,4,4,4,Champions
15062,72.0,4,987.86,2,4,4,At Risk
18237,3.0,5,987.1,5,4,4,Champions
16376,9.0,2,987.01,5,3,4,Potential Loyalists
13117,22.0,8,984.91,4,5,4,Champions
17144,2.0,2,984.57,5,3,4,Potential Loyalists
12510,143.0,2,982.57,2,3,4,At Risk
15133,128.0,3,982.42,2,4,4,At Risk
14138,2.0,2,982.38,5,3,4,Potential Loyalists
15071,94.0,2,982.07,2,3,4,At Risk
16188,45.0,4,981.86,3,4,4,Loyal Customers
16907,30.0,5,981.65,4,4,4,Champions
16085,24.0,5,981.51,4,4,4,Champions
12541,30.0,3,981.18,4,4,4,Champions
18170,34.0,3,980.31,3,4,4,Loyal Customers
13509,9.0,7,979.72,5,5,4,Champions
15506,23.0,3,979.26,4,4,4,Champions
13350,17.0,2,979.12,4,3,4,Potential Loyalists
15132,19.0,5,977.93,4,4,4,Champions
14920,213.0,2,977.77,1,3,4,At Risk
15860,41.0,8,977.21,3,5,4,Loyal Customers
13026,2.0,5,975.36,5,4,4,Champions
14522,25.0,4,974.54,4,4,4,Champions
15449,27.0,3,974.52,4,4,4,Champions
12994,5.0,3,974.42,5,4,4,Champions
15747,13.0,3,974.04,5,4,4,Champions
18194,83.0,1,973.84,2,2,4,Lost Customers
16419,113.0,6,972.23,2,5,4,At Risk
13155,34.0,4,971.76,3,4,4,Loyal Customers
17100,19.0,2,971.74,4,3,4,Potential Loyalists
17618,6.0,3,971.58,5,4,4,Champions
14256,261.0,2,969.06,1,3,4,At Risk
15907,4.0,3,967.45,5,4,4,Champions
15793,15.0,3,965.61,4,4,4,Champions
12550,80.0,1,964.83,2,2,4,Lost Customers
13138,23.0,6,962.39,4,5,4,Champions
14006,116.0,3,962.1899999999999,2,4,4,At Risk
15156,2.0,3,961.49,5,4,4,Champions
14629,5.0,2,959.01,5,3,4,Potential Loyalists
18192,72.0,1,957.97,3,2,4,Other
13823,19.0,2,957.66,4,3,4,Potential Loyalists
12697,29.0,3,957.59,4,4,4,Champions
15948,9.0,2,955.24,5,3,4,Potential Loyalists
17244,54.0,1,954.9,3,2,4,Other
17097,3.0,8,954.42,5,5,4,Champions
15835,45.0,4,954.09,3,4,4,Loyal Customers
16934,55.0,2,950.93,3,3,4,Other
15421,59.0,4,950.36,3,4,4,Loyal Customers
16511,22.0,3,950.26,4,4,4,Champions
13636,37.0,5,949.12,3,4,4,Loyal Customers
12822,71.0,2,948.88,3,3,4,Other
17044,26.0,1,948.48,4,2,4,Potential Loyalists
13748,96.0,5,948.25,2,4,4,At Risk
15787,27.0,3,948.05,4,4,4,Champions
12458,72.0,2,947.4,3,3,4,Other
15707,36.0,4,945.58,3,4,4,Loyal Customers
17289,32.0,3,944.41,4,4,4,Champions
13261,269.0,2,944.1,1,3,4,At Risk
12820,4.0,4,942.34,5,4,3,Loyal Customers
14075,5.0,3,942.26,5,4,3,Loyal Customers
15576,38.0,1,940.67,3,2,3,Other
15289,30.0,3,939.78,4,4,3,Loyal Customers
17527,54.0,4,939.37,3,4,3,Loyal Customers
17227,19.0,6,939.32,4,5,3,Loyal Customers
16584,81.0,2,936.08,2,3,3,At Risk
14140,4.0,2,935.05,5,3,3,Potential Loyalists
16027,92.0,6,934.62,2,5,3,At Risk
14081,303.0,2,934.52,1,3,3,At Risk
12924,89.0,4,933.7,2,4,3,At Risk
16657,10.0,4,933.62,5,4,3,Loyal Customers
13655,115.0,2,932.97,2,3,3,At Risk
14532,237.0,4,932.85,1,4,3,At Risk
18133,213.0,1,931.5,1,2,3,Lost Customers
17552,61.0,4,930.41,3,4,3,Loyal Customers
14475,72.0,3,925.85,3,4,3,Loyal Customers
14231,184.0,3,925.71,1,4,3,At Risk
17048,118.0,3,925.35,2,4,3,At Risk
15312,76.0,4,924.85,2,4,3,At Risk
13805,53.0,2,924.6,3,3,3,Other
15654,10.0,2,922.53,5,3,3,Potential Loyalists
13122,95.0,2,922.39,2,3,3,At Risk
16551,96.0,3,922.12,2,4,3,At Risk
13934,264.0,1,922.1,1,2,3,Lost Customers
13035,74.0,2,921.88,2,3,3,At Risk
17323,16.0,7,921.07,4,5,3,Loyal Customers
13984,27.0,5,920.51,4,4,3,Loyal Customers
17018,41.0,2,920.1,3,3,3,Other
12652,332.0,1,919.98,1,2,3,Lost Customers
13075,130.0,1,919.61,2,2,3,Lost Customers
13549,26.0,7,918.2,4,5,3,Loyal Customers
15253,17.0,5,918.1999999999999,4,4,3,Loyal Customers
14015,53.0,1,917.34,3,2,3,Other
14712,30.0,3,917.0699999999999,4,4,3,Loyal Customers
17236,13.0,6,916.13,5,5,3,Loyal Customers
14141,3.0,4,915.13,5,4,3,Loyal Customers
16216,268.0,1,914.93,1,2,3,Lost Customers
16809,24.0,5,914.69,4,4,3,Loyal Customers
15587,51.0,4,913.6800000000001,3,4,3,Loyal Customers
12940,55.0,2,913.54,3,3,3,Other
15364,96.0,2,913.1899999999999,2,3,3,At Risk
14359,20.0,3,912.18,4,3,3,Potential Loyalists
13782,13.0,6,912.0,5,5,3,Loyal Customers
13192,96.0,2,911.94,2,3,3,At Risk
14289,9.0,6,911.26,5,5,3,Loyal Customers
18096,12.0,3,911.15,5,3,3,Potential Loyalists
13689,64.0,1,910.0,3,2,3,Other
15511,12.0,5,909.23,5,4,3,Loyal Customers
13038,81.0,3,908.46,2,3,3,At Risk
14449,19.0,4,907.1,4,4,3,Loyal Customers
15480,117.0,1,905.5,2,2,3,Lost Customers
15022,12.0,4,905.04,5,4,3,Loyal Customers
15807,51.0,3,903.9,3,3,3,Other
17566,9.0,2,901.21,5,3,3,Potential Loyalists
16716,267.0,2,901.2,1,3,3,At Risk
17848,82.0,9,901.1999999999999,2,5,3,At Risk
14625,197.0,2,899.63,1,3,3,At Risk
17886,32.0,3,899.61,4,3,3,Potential Loyalists
13662,86.0,3,897.76,2,3,3,At Risk
17537,30.0,2,897.62,4,3,3,Potential Loyalists
16361,10.0,4,896.66,5,4,3,Loyal Customers
15079,213.0,4,895.61,1,4,3,At Risk
15865,41.0,3,895.13,3,3,3,Other
15211,61.0,2,894.41,3,3,3,Other
15066,54.0,1,893.59,3,2,3,Other
12772,60.0,1,892.47,3,2,3,Other
13515,73.0,4,891.12,2,4,3,At Risk
15255,67.0,1,890.85,3,2,3,Other
14240,31.0,2,890.34,4,3,3,Potential Loyalists
17027,79.0,6,890.29,2,5,3,At Risk
17007,51.0,6,889.93,3,5,3,Loyal Customers
14344,128.0,8,889.93,2,5,3,At Risk
14623,33.0,5,889.25,4,4,3,Loyal Customers
17829,299.0,1,889.24,1,2,3,Lost Customers
16347,12.0,2,887.65,5,3,3,Potential Loyalists
16900,17.0,3,887.11,4,3,3,Potential Loyalists
15822,4.0,2,885.47,5,3,3,Potential Loyalists
17704,169.0,2,885.1899999999999,2,3,3,At Risk
17109,30.0,6,885.04,4,5,3,Loyal Customers
15799,76.0,3,884.14,2,3,3,At Risk
14597,12.0,2,883.15,5,3,3,Potential Loyalists
18236,30.0,6,882.24,4,5,3,Loyal Customers
13037,139.0,3,881.07,2,3,3,At Risk
15076,173.0,1,880.85,2,2,3,Lost Customers
15653,93.0,2,877.44,2,3,3,At Risk
14770,233.0,2,876.42,1,3,3,At Risk
15100,334.0,3,876.0,1,3,3,At Risk
13566,41.0,2,874.71,3,3,3,Other
16513,5.0,4,874.59,5,4,3,Loyal Customers
13294,190.0,2,873.74,1,3,3,At Risk
12847,23.0,1,871.54,4,2,3,Potential Loyalists
15208,2.0,5,870.12,5,4,3,Loyal Customers
13200,20.0,4,870.09,4,4,3,Loyal Customers
13979,74.0,1,869.87,2,2,3,Lost Customers
12694,71.0,2,869.67,3,3,3,Other
13203,10.0,4,869.46,5,4,3,Loyal Customers
17649,139.0,1,868.49,2,2,3,Lost Customers
14912,17.0,2,867.85,4,3,3,Potential Loyalists
14715,25.0,4,867.38,4,4,3,Loyal Customers
16235,41.0,5,867.31,3,4,3,Loyal Customers
16121,58.0,2,867.11,3,3,3,Other
14332,23.0,3,866.3100000000001,4,3,3,Potential Loyalists
16567,195.0,2,865.6,1,3,3,At Risk
13846,25.0,3,865.06,4,3,3,Potential Loyalists
16221,37.0,3,864.86,3,3,3,Other
12680,1.0,4,862.81,5,4,3,Loyal Customers
16266,74.0,7,861.89,2,5,3,At Risk
12794,54.0,2,860.41,3,3,3,Other
13339,201.0,1,860.12,1,2,3,Lost Customers
14577,13.0,4,859.71,5,4,3,Loyal Customers
17064,59.0,3,859.35,3,3,3,Other
14553,20.0,5,859.27,4,4,3,Loyal Customers
16163,233.0,2,856.6,1,3,3,At Risk
13991,13.0,6,855.97,5,5,3,Loyal Customers
12693,128.0,4,855.91,2,4,3,At Risk
16037,270.0,3,855.02,1,3,3,At Risk
12878,237.0,2,854.99,1,3,3,At Risk
17560,95.0,4,854.95,2,4,3,At Risk
16877,13.0,6,853.72,5,5,3,Loyal Customers
14193,68.0,2,853.39,3,3,3,Other
12379,82.0,2,852.24,2,3,3,At Risk
16070,23.0,2,852.15,4,3,3,Potential Loyalists
16020,17.0,3,851.01,4,3,3,Potential Loyalists
12713,1.0,1,848.55,5,2,3,Potential Loyalists
14657,18.0,4,848.22,4,4,3,Loyal Customers
13221,241.0,2,847.41,1,3,3,At Risk
16924,22.0,3,846.75,4,3,3,Potential Loyalists
16222,319.0,1,846.72,1,2,3,Lost Customers
15965,18.0,4,845.64,4,4,3,Loyal Customers
14803,163.0,3,845.55,2,3,3,At Risk
17624,15.0,2,843.48,4,3,3,Potential Loyalists
15164,69.0,3,843.05,3,3,3,Other
17929,12.0,4,843.0,5,4,3,Loyal Customers
13929,170.0,2,842.65,2,3,3,At Risk
16108,85.0,1,842.5,2,2,3,Lost Customers
16560,27.0,2,841.41,4,3,3,Potential Loyalists
14862,26.0,2,841.2,4,3,3,Potential Loyalists
17076,37.0,3,841.08,3,3,3,Other
13940,18.0,4,839.14,4,4,3,Loyal Customers
17115,9.0,3,837.5,5,3,3,Potential Loyalists
16554,43.0,3,837.1,3,3,3,Other
15832,255.0,1,836.79,1,2,3,Lost Customers
12728,72.0,4,836.33,2,4,3,At Risk
16747,38.0,2,836.0600000000001,3,3,3,Other
17169,58.0,2,835.78,3,3,3,Other
17759,18.0,3,834.99,4,3,3,Potential Loyalists
13835,26.0,4,834.57,4,4,3,Loyal Customers
17075,18.0,4,834.12,4,4,3,Loyal Customers
16644,178.0,2,833.78,2,3,3,At Risk
15862,9.0,4,832.88,5,4,3,Loyal Customers
14644,68.0,2,830.76,3,3,3,Other
13681,18.0,4,827.83,4,4,3,Loyal Customers
12461,95.0,2,826.88,2,3,3,At Risk
12781,64.0,2,826.74,3,3,3,Other
16494,297.0,1,826.53,1,2,3,Lost Customers
17921,65.0,4,826.52,3,4,3,Loyal Customers
15525,3.0,3,825.92,5,3,3,Potential Loyalists
12427,22.0,3,825.8,4,3,3,Potential Loyalists
16869,23.0,4,825.42,4,4,3,Loyal Customers
16284,32.0,2,823.97,4,3,3,Potential Loyalists
16164,18.0,3,822.48,4,3,3,Potential Loyalists
12778,20.0,6,822.23,4,5,3,Loyal Customers
13893,298.0,1,821.1,1,2,3,Lost Customers
13220,79.0,4,819.2900000000001,2,4,3,At Risk
17764,51.0,2,818.82,3,3,3,Other
16092,115.0,3,817.86,2,3,3,At Risk
16943,212.0,3,816.73,1,3,3,At Risk
15649,337.0,2,816.0,1,3,3,At Risk
15399,2.0,3,815.77,5,3,3,Potential Loyalists
14499,27.0,3,815.32,4,3,3,Potential Loyalists
13280,123.0,3,814.86,2,3,3,At Risk
16460,29.0,3,814.72,4,3,3,Potential Loyalists
13811,184.0,3,814.5,1,3,3,At Risk
18064,134.0,2,814.0,2,3,3,At Risk
16600,5.0,6,813.52,5,5,3,Loyal Customers
16621,52.0,4,813.48,3,4,3,Loyal Customers
14421,58.0,2,813.11,3,3,3,Other
15644,167.0,4,813.0,2,4,3,At Risk
17980,166.0,3,811.45,2,3,3,At Risk
16276,177.0,1,810.5999999999999,2,2,3,Lost Customers
16624,81.0,2,810.5699999999999,2,3,3,At Risk
13637,53.0,3,810.5,3,3,3,Other
16891,2.0,5,809.7,5,4,3,Loyal Customers
17114,6.0,8,808.62,5,5,3,Loyal Customers
15533,20.0,3,807.57,4,3,3,Potential Loyalists
12421,16.0,4,807.04,4,4,3,Loyal Customers
15952,34.0,4,806.5699999999999,3,4,3,Loyal Customers
13707,268.0,2,806.41,1,3,3,At Risk
12434,85.0,2,806.14,2,3,3,At Risk
16367,38.0,2,804.49,3,3,3,Other
18248,123.0,2,804.02,2,3,3,At Risk
12422,96.0,3,803.56,2,3,3,At Risk
15831,59.0,3,801.76,3,3,3,Other
18265,73.0,2,801.51,2,3,3,At Risk
16806,104.0,4,801.49,2,4,3,At Risk
15561,12.0,4,800.59,5,4,3,Loyal Customers
17905,72.0,4,800.24,2,4,3,At Risk
13720,117.0,4,799.9,2,4,3,At Risk
13030,12.0,2,799.48,5,3,3,Potential Loyalists
17703,36.0,3,798.74,3,3,3,Other
16438,6.0,5,798.35,5,4,3,Loyal Customers
13389,12.0,3,797.96,5,3,3,Potential Loyalists
12701,80.0,2,797.71,2,3,3,At Risk
17180,57.0,4,796.03,3,4,3,Loyal Customers
13336,78.0,1,795.12,2,2,3,Lost Customers
15990,45.0,2,792.11,3,3,3,Other
13167,19.0,4,791.33,4,4,3,Loyal Customers
14976,58.0,7,790.86,3,5,3,Loyal Customers
13016,74.0,3,789.89,2,3,3,At Risk
16759,8.0,3,789.79,5,3,3,Potential Loyalists
13329,32.0,2,789.0,4,3,3,Potential Loyalists
14557,86.0,1,788.38,2,2,3,Lost Customers
13212,20.0,3,788.08,4,3,3,Potential Loyalists
13323,4.0,5,787.85,5,4,3,Loyal Customers
13884,8.0,5,787.6,5,4,3,Loyal Customers
16546,291.0,2,787.15,1,3,3,At Risk
13109,60.0,2,786.54,3,3,3,Other
12628,5.0,3,786.46,5,3,3,Potential Loyalists
15806,47.0,3,784.58,3,3,3,Other
15743,17.0,4,784.46,4,4,3,Loyal Customers
18136,64.0,3,784.33,3,3,3,Other
17387,20.0,2,784.11,4,3,3,Potential Loyalists
16054,146.0,1,783.9,2,2,3,Lost Customers
17006,5.0,4,781.78,5,4,3,Loyal Customers
17341,157.0,3,781.36,2,3,3,At Risk
15679,25.0,4,781.28,4,4,3,Loyal Customers
13583,156.0,1,781.03,2,2,3,Lost Customers
16725,303.0,7,781.02,1,5,3,At Risk
15239,11.0,2,780.59,5,3,3,Potential Loyalists
17797,23.0,3,780.43,4,3,3,Potential Loyalists
18228,57.0,2,779.9,3,3,3,Other
12735,316.0,2,779.5699999999999,1,3,3,At Risk
17411,13.0,3,778.94,5,3,3,Potential Loyalists
13375,89.0,1,778.65,2,2,3,Lost Customers
14815,37.0,2,778.5,3,3,3,Other
17414,44.0,2,778.0,3,3,3,Other
16505,32.0,1,777.6,4,2,3,Potential Loyalists
13563,85.0,2,777.53,2,3,3,At Risk
12425,79.0,1,777.2,2,2,3,Lost Customers
15353,255.0,2,777.02,1,3,3,At Risk
15618,33.0,4,776.851,4,4,3,Loyal Customers
13314,2.0,3,775.9399999999999,5,3,3,Potential Loyalists
13341,261.0,1,775.85,1,2,3,Lost Customers
14234,23.0,4,775.46,4,4,3,Loyal Customers
16825,39.0,2,775.18,3,3,3,Other
15414,10.0,3,774.9,5,3,3,Potential Loyalists
16043,38.0,4,773.99,3,4,3,Loyal Customers
15075,78.0,1,773.03,2,2,3,Lost Customers
12965,90.0,1,771.91,2,2,3,Lost Customers
17409,185.0,2,771.85,1,3,3,At Risk
14662,29.0,4,771.17,4,4,3,Loyal Customers
16770,58.0,5,770.1,3,4,3,Loyal Customers
14412,43.0,2,770.03,3,3,3,Other
16480,76.0,1,769.29,2,2,3,Lost Customers
13356,81.0,1,768.24,2,2,3,Lost Customers
17516,16.0,5,768.08,4,4,3,Loyal Customers
14550,11.0,2,765.62,5,3,3,Potential Loyalists
14672,235.0,2,765.55,1,3,3,At Risk
17695,132.0,2,765.34,2,3,3,At Risk
14885,132.0,1,765.3199999999999,2,2,3,Lost Customers
17268,108.0,4,763.64,2,4,3,At Risk
17466,11.0,2,763.28,5,3,3,Potential Loyalists
16470,52.0,4,762.39,3,4,3,Loyal Customers
15599,27.0,2,761.74,4,3,3,Potential Loyalists
14883,19.0,6,761.59,4,5,3,Loyal Customers
16205,31.0,4,761.38,4,4,3,Loyal Customers
17425,20.0,2,759.17,4,3,3,Potential Loyalists
16036,88.0,2,758.9200000000001,2,3,3,At Risk
15568,3.0,3,758.29,5,3,3,Potential Loyalists
12413,67.0,3,758.1,3,3,3,Other
17979,36.0,4,757.71,3,4,3,Loyal Customers
17461,23.0,3,757.46,4,3,3,Potential Loyalists
15223,226.0,2,755.75,1,3,3,At Risk
13370,372.0,1,754.87,1,2,3,Lost Customers
18104,38.0,1,754.64,3,2,3,Other
13730,136.0,2,752.6,2,3,3,At Risk
16256,267.0,1,752.4300000000001,1,2,3,Lost Customers
12908,177.0,2,750.0,2,3,3,At Risk
17146,106.0,3,749.78,2,3,3,At Risk
14923,51.0,1,749.1,3,2,3,Other
15074,106.0,1,748.87,2,2,3,Lost Customers
15656,46.0,4,748.5,3,4,3,Loyal Customers
16859,145.0,2,747.81,2,3,3,At Risk
13623,31.0,5,747.78,4,4,3,Loyal Customers
14201,61.0,7,747.4399999999999,3,5,3,Loyal Customers
16261,18.0,4,746.83,4,4,3,Loyal Customers
14050,32.0,2,746.36,4,3,3,Potential Loyalists
17034,17.0,3,745.52,4,3,3,Potential Loyalists
13950,12.0,4,745.0600000000001,5,4,3,Loyal Customers
14790,17.0,4,745.06,4,4,3,Loyal Customers
13236,25.0,2,744.85,4,3,3,Potential Loyalists
13354,72.0,1,743.53,3,2,3,Other
16730,53.0,3,743.11,3,3,3,Other
12374,26.0,1,742.93,4,2,3,Potential Loyalists
12465,18.0,2,742.1899999999999,4,3,3,Potential Loyalists
13753,288.0,1,741.26,1,2,3,Lost Customers
13900,184.0,3,740.95,1,3,3,At Risk
17692,128.0,4,740.9399999999999,2,4,3,At Risk
17974,25.0,3,740.79,4,3,3,Potential Loyalists
15252,37.0,2,740.78,3,3,3,Other
12603,22.0,1,739.2,4,2,3,Potential Loyalists
14756,16.0,1,738.96,4,2,3,Potential Loyalists
12976,212.0,1,738.6,1,2,3,Lost Customers
15045,152.0,2,735.66,2,3,3,At Risk
18156,13.0,2,734.94,5,3,3,Potential Loyalists
15215,47.0,3,734.94,3,3,3,Other
16362,33.0,5,734.77,4,4,3,Loyal Customers
16146,158.0,3,734.13,2,3,3,At Risk
17812,13.0,4,732.16,5,4,3,Loyal Customers
13575,24.0,5,732.07,4,4,3,Loyal Customers
13736,6.0,2,731.9,5,3,3,Potential Loyalists
16099,51.0,3,731.9,3,3,3,Other
16491,47.0,1,731.5,3,2,3,Other
14778,128.0,2,730.86,2,3,3,At Risk
18035,36.0,3,730.4,3,3,3,Other
12468,188.0,2,729.54,1,3,3,At Risk
13077,2.0,4,729.27,5,4,3,Loyal Customers
17666,4.0,2,728.16,5,3,3,Potential Loyalists
17888,22.0,8,726.05,4,5,3,Loyal Customers
14869,9.0,2,725.7,5,3,3,Potential Loyalists
14055,107.0,1,725.64,2,2,3,Lost Customers
16140,66.0,2,725.18,3,3,3,Other
15584,24.0,4,725.11,4,4,3,Loyal Customers
12723,4.0,5,725.07,5,4,3,Loyal Customers
15636,90.0,2,724.76,2,3,3,At Risk
12475,54.0,1,723.38,3,2,3,Other
17521,30.0,3,723.21,4,3,3,Potential Loyalists
15272,58.0,2,721.94,3,3,3,Other
18062,174.0,3,720.52,2,3,3,At Risk
16023,47.0,3,719.81,3,3,3,Other
14179,41.0,2,719.78,3,3,3,Other
14725,25.0,1,718.08,4,2,3,Potential Loyalists
17884,4.0,4,717.45,5,4,3,Loyal Customers
15274,5.0,2,716.5699999999999,5,3,3,Potential Loyalists
12535,92.0,2,716.35,2,3,3,At Risk
15400,93.0,5,716.2,2,4,3,At Risk
17029,111.0,2,716.0,2,3,3,At Risk
15330,33.0,2,714.96,4,3,3,Potential Loyalists
15757,66.0,2,714.42,3,3,3,Other
12616,96.0,2,713.3,2,3,3,At Risk
13169,64.0,2,712.88,3,3,3,Other
13147,11.0,4,712.8,5,4,3,Loyal Customers
17761,33.0,1,712.78,4,2,3,Potential Loyalists
13416,44.0,2,712.5,3,3,3,Other
13587,64.0,1,712.4,3,2,3,Other
17642,120.0,2,712.29,2,3,3,At Risk
15855,137.0,5,712.24,2,4,3,At Risk
13705,8.0,3,711.86,5,3,3,Potential Loyalists
17179,179.0,3,711.79,2,3,3,At Risk
13249,93.0,3,711.41,2,3,3,At Risk
17472,192.0,3,710.29,1,3,3,At Risk
14867,186.0,3,710.28,1,3,3,At Risk
14127,123.0,3,709.71,2,3,3,At Risk
16136,60.0,3,709.38,3,3,3,Other
15951,9.0,2,708.22,5,3,3,Potential Loyalists
16449,198.0,2,707.69,1,3,3,At Risk
12453,135.0,1,707.09,2,2,3,Lost Customers
16364,12.0,2,707.04,5,3,3,Potential Loyalists
16309,107.0,2,706.57,2,3,3,At Risk
14880,78.0,3,706.1899999999999,2,3,3,At Risk
14126,8.0,3,706.13,5,3,3,Potential Loyalists
15038,59.0,6,705.49,3,5,3,Loyal Customers
16015,4.0,3,705.39,5,3,3,Potential Loyalists
16882,67.0,3,705.12,3,3,3,Other
17934,52.0,2,704.25,3,3,3,Other
12612,75.0,1,704.04,2,2,3,Lost Customers
12883,25.0,4,703.47,4,4,3,Loyal Customers
18082,26.0,1,703.37,4,2,3,Potential Loyalists
15103,32.0,2,703.36,4,3,3,Potential Loyalists
15574,178.0,4,702.25,2,4,3,At Risk
16997,289.0,3,702.0,1,3,3,At Risk
14198,19.0,4,701.4,4,4,3,Loyal Customers
14356,80.0,2,701.23,2,3,3,At Risk
17321,9.0,2,700.86,5,3,3,Potential Loyalists
13238,18.0,4,700.73,4,4,3,Loyal Customers
17734,54.0,3,700.63,3,3,3,Other
15800,108.0,2,699.08,2,3,3,At Risk
13258,12.0,3,698.58,5,3,3,Potential Loyalists
17423,47.0,2,698.41,3,3,3,Other
17796,41.0,4,697.9,3,4,3,Loyal Customers
15053,5.0,3,697.79,5,3,3,Potential Loyalists
14829,30.0,4,697.55,4,4,3,Loyal Customers
13596,6.0,2,697.04,5,3,3,Potential Loyalists
15700,173.0,2,696.6800000000001,2,3,3,At Risk
17397,23.0,2,696.41,4,3,3,Potential Loyalists
14009,199.0,2,695.61,1,3,3,At Risk
14959,65.0,4,695.42,3,4,3,Loyal Customers
15304,61.0,8,694.4,3,5,3,Loyal Customers
12925,5.0,2,694.05,5,3,3,Potential Loyalists
14643,171.0,2,693.81,2,3,3,At Risk
12410,309.0,2,693.33,1,3,3,At Risk
13601,46.0,2,693.32,3,3,3,Other
14111,15.0,4,692.85,4,4,3,Loyal Customers
17198,24.0,3,692.22,4,3,3,Potential Loyalists
17733,39.0,2,692.1899999999999,3,3,3,Other
13838,6.0,4,691.73,5,4,3,Loyal Customers
16212,20.0,2,690.34,4,3,3,Potential Loyalists
18085,331.0,2,689.95,1,3,3,At Risk
13023,65.0,2,689.9,3,3,3,Other
15181,67.0,3,689.48,3,3,3,Other
18196,96.0,2,689.13,2,3,3,At Risk
17502,10.0,4,689.1,5,4,3,Loyal Customers
13799,117.0,2,688.86,2,3,3,At Risk
16642,5.0,2,688.33,5,3,3,Potential Loyalists
12658,19.0,1,686.05,4,2,3,Potential Loyalists
16122,74.0,4,684.42,2,4,3,At Risk
16495,4.0,3,684.41,5,3,3,Potential Loyalists
15669,41.0,4,684.34,3,4,3,Loyal Customers
12942,132.0,3,683.9,2,3,3,At Risk
17874,186.0,6,683.46,1,5,3,At Risk
14222,178.0,1,683.17,2,2,3,Lost Customers
12838,34.0,2,683.13,3,3,3,Other
15582,25.0,3,682.91,4,3,3,Potential Loyalists
13548,97.0,2,682.41,2,3,3,At Risk
18135,30.0,5,681.91,4,4,3,Loyal Customers
12478,4.0,1,680.99,5,2,3,Potential Loyalists
13524,41.0,5,680.18,3,4,3,Loyal Customers
16872,78.0,3,680.02,2,3,3,At Risk
15322,86.0,1,679.68,2,2,3,Lost Customers
13430,19.0,2,679.45,4,3,3,Potential Loyalists
14788,8.0,2,679.44,5,3,3,Potential Loyalists
17994,122.0,4,678.49,2,4,3,At Risk
13925,93.0,4,678.25,2,4,3,At Risk
13607,41.0,1,678.01,3,2,3,Other
13388,132.0,2,677.1,2,3,3,At Risk
13040,9.0,2,676.99,5,3,3,Potential Loyalists
16377,268.0,1,676.2,1,2,3,Lost Customers
15626,75.0,2,675.8,2,3,3,At Risk
17462,61.0,2,675.69,3,3,3,Other
13325,82.0,1,675.3,2,2,3,Lost Customers
16418,45.0,3,675.27,3,3,3,Other
13355,123.0,1,674.7,2,2,3,Lost Customers
13464,59.0,1,674.68,3,2,3,Other
17749,179.0,2,674.52,2,3,3,At Risk
13951,177.0,3,674.45,2,3,3,At Risk
14504,48.0,4,673.26,3,4,3,Loyal Customers
18121,150.0,2,673.1,2,3,3,At Risk
14628,92.0,2,671.96,2,3,3,At Risk
17883,4.0,4,671.77,5,4,3,Loyal Customers
12638,34.0,1,671.69,3,2,3,Other
17299,12.0,4,669.11,5,4,3,Loyal Customers
12418,113.0,1,668.58,2,2,3,Lost Customers
14342,22.0,4,668.56,4,4,3,Loyal Customers
13741,72.0,3,668.43,3,3,3,Other
16383,75.0,2,668.36,2,3,3,At Risk
15031,5.0,4,668.14,5,4,3,Loyal Customers
18022,36.0,1,668.11,3,2,3,Other
16268,72.0,2,667.65,3,3,3,Other
15969,3.0,3,666.1,5,3,3,Potential Loyalists
17777,25.0,3,665.86,4,3,3,Potential Loyalists
17105,160.0,2,665.78,2,3,3,At Risk
16056,46.0,1,664.85,3,2,3,Other
13963,309.0,4,664.54,1,4,3,At Risk
16208,45.0,2,664.26,3,3,3,Other
15643,192.0,3,664.0,1,3,3,At Risk
14720,6.0,3,663.81,5,3,3,Potential Loyalists
13240,97.0,4,663.65,2,4,3,At Risk
16573,85.0,2,663.61,2,3,3,At Risk
14451,61.0,2,662.59,3,3,3,Other
16014,38.0,3,662.38,3,3,3,Other
18218,212.0,2,662.08,1,3,3,At Risk
16774,68.0,4,661.52,3,4,3,Loyal Customers
13028,23.0,2,661.3199999999999,4,3,3,Potential Loyalists
14603,275.0,1,660.0,1,2,3,Lost Customers
15492,29.0,2,659.46,4,3,3,Potential Loyalists
13518,86.0,1,659.44,2,2,3,Lost Customers
13759,34.0,2,659.41,3,3,3,Other
16357,34.0,3,658.88,3,3,3,Other
14150,36.0,2,658.64,3,3,3,Other
17779,22.0,3,658.57,4,3,3,Potential Loyalists
16696,136.0,4,657.9,2,4,3,At Risk
12577,36.0,3,657.8,3,3,3,Other
14818,74.0,3,657.8,2,3,3,At Risk
15648,205.0,2,657.35,1,3,3,At Risk
17459,44.0,2,657.3,3,3,3,Other
15677,50.0,1,657.23,3,2,3,Other
16157,16.0,3,656.6899999999999,4,3,3,Potential Loyalists
13049,65.0,2,656.68,3,3,3,Other
16708,46.0,1,656.63,3,2,3,Other
16127,40.0,1,656.25,3,2,3,Other
14894,86.0,1,655.75,2,2,3,Lost Customers
16444,47.0,4,654.67,3,4,3,Loyal Customers
14651,68.0,2,654.6,3,3,3,Other
17398,115.0,3,653.38,2,3,3,At Risk
18151,135.0,2,653.35,2,3,3,At Risk
13496,11.0,2,653.33,5,3,3,Potential Loyalists
15205,86.0,2,653.24,2,3,3,At Risk
14044,27.0,4,652.82,4,4,3,Loyal Customers
14548,151.0,2,652.8,2,3,3,At Risk
17523,12.0,4,652.74,5,4,3,Loyal Customers
14034,23.0,3,651.82,4,3,3,Potential Loyalists
16734,53.0,3,650.51,3,3,3,Other
16469,24.0,4,650.4300000000001,4,4,3,Loyal Customers
15571,12.0,4,650.43,5,4,3,Loyal Customers
16969,40.0,3,650.41,3,3,3,Other
17373,41.0,4,646.92,3,4,3,Loyal Customers
12589,29.0,2,646.68,4,3,3,Potential Loyalists
15651,37.0,3,646.3,3,3,3,Other
17545,44.0,3,645.96,3,3,3,Other
14855,120.0,2,645.65,2,3,3,At Risk
12719,6.0,2,644.95,5,3,3,Potential Loyalists
17312,139.0,3,644.3000000000001,2,3,3,At Risk
16431,214.0,3,642.81,1,3,3,At Risk
14020,17.0,2,642.8,4,3,3,Potential Loyalists
13034,55.0,2,642.77,3,3,3,Other
15384,170.0,2,642.41,2,3,3,At Risk
17046,158.0,1,642.02,2,2,3,Lost Customers
15297,11.0,3,641.94,5,3,3,Potential Loyalists
12365,292.0,2,641.38,1,3,3,At Risk
12624,107.0,2,641.13,2,3,3,At Risk
13417,5.0,2,640.83,5,3,3,Potential Loyalists
13318,2.0,3,640.76,5,3,3,Potential Loyalists
12631,58.0,1,640.5,3,2,3,Other
14301,118.0,1,640.14,2,2,3,Lost Customers
15919,20.0,2,639.89,4,3,3,Potential Loyalists
17515,32.0,4,639.02,4,4,3,Loyal Customers
18160,58.0,2,638.06,3,3,3,Other
14754,45.0,2,638.05,3,3,3,Other
14664,20.0,2,637.89,4,3,3,Potential Loyalists
14128,61.0,2,637.5,3,3,3,Other
14481,165.0,2,636.51,2,3,3,At Risk
15829,100.0,2,636.14,2,3,3,At Risk
15773,6.0,1,635.6800000000001,5,2,3,Potential Loyalists
14000,212.0,1,635.66,1,2,3,Lost Customers
16139,19.0,3,635.41,4,3,3,Potential Loyalists
17985,23.0,1,634.95,4,2,3,Potential Loyalists
13892,27.0,4,632.97,4,4,3,Loyal Customers
14220,248.0,2,632.4,1,3,3,At Risk
16306,214.0,6,632.27,1,5,3,At Risk
18183,228.0,2,632.07,1,3,3,At Risk
13822,6.0,2,632.0,5,3,3,Potential Loyalists
14021,156.0,3,631.9,2,3,3,At Risk
15244,66.0,2,631.57,3,3,3,Other
13539,86.0,3,631.34,2,3,3,At Risk
17990,237.0,3,630.84,1,3,3,At Risk
13046,31.0,2,629.31,4,3,3,Potential Loyalists
13525,15.0,2,628.78,4,3,3,Potential Loyalists
14687,107.0,1,628.38,2,2,3,Lost Customers
16022,261.0,1,628.28,1,2,3,Lost Customers
15028,9.0,4,627.13,5,4,3,Loyal Customers
13546,13.0,3,626.99,5,3,3,Potential Loyalists
15402,149.0,2,626.77,2,3,3,At Risk
14036,285.0,1,626.65,1,2,3,Lost Customers
13914,12.0,2,626.45,5,3,3,Potential Loyalists
14382,27.0,1,626.07,4,2,3,Potential Loyalists
16750,45.0,5,623.93,3,4,3,Loyal Customers
16718,370.0,1,623.75,1,2,3,Lost Customers
12649,108.0,3,623.51,2,3,3,At Risk
15147,241.0,1,623.5,1,2,3,Lost Customers
13368,257.0,2,623.4,1,3,3,At Risk
15258,169.0,2,623.16,2,3,3,At Risk
17499,290.0,1,622.88,1,2,3,Lost Customers
15182,155.0,2,622.85,2,3,3,At Risk
17460,95.0,6,622.43,2,5,3,At Risk
15768,116.0,3,621.83,2,3,3,At Risk
18217,30.0,2,621.75,4,3,3,Potential Loyalists
16915,10.0,6,621.68,5,4,3,Loyal Customers
17640,87.0,1,621.66,2,2,3,Lost Customers
14152,76.0,2,621.29,2,3,3,At Risk
13402,128.0,2,621.23,2,3,3,At Risk
16141,89.0,1,620.4,2,2,3,Lost Customers
12667,59.0,1,620.13,3,2,3,Other
14529,61.0,3,620.04,3,3,3,Other
13493,276.0,2,618.63,1,3,3,At Risk
16613,71.0,1,618.59,3,2,3,Other
13145,40.0,4,618.52,3,4,3,Loyal Customers
12596,52.0,2,618.27,3,3,3,Other
16134,22.0,2,618.09,4,3,3,Potential Loyalists
13301,104.0,4,618.09,2,4,3,At Risk
14593,22.0,3,617.99,4,3,3,Potential Loyalists
14377,192.0,2,617.05,1,3,3,At Risk
16442,2.0,3,616.79,5,3,3,Potential Loyalists
16311,18.0,2,616.26,4,3,3,Potential Loyalists
14905,158.0,2,616.15,2,3,3,At Risk
16005,13.0,4,615.39,5,4,3,Loyal Customers
15275,38.0,1,615.14,3,2,3,Other
16566,16.0,5,614.66,4,4,3,Loyal Customers
16116,212.0,1,612.78,1,2,3,Lost Customers
12513,113.0,1,612.29,2,2,3,Lost Customers
18149,51.0,3,612.08,3,3,3,Other
15232,114.0,2,612.06,2,3,3,At Risk
15645,19.0,1,612.01,4,2,3,Potential Loyalists
16109,219.0,2,611.88,1,3,3,At Risk
16763,199.0,1,611.85,1,2,3,Lost Customers
13731,220.0,2,610.59,1,3,3,At Risk
12673,6.0,2,610.52,5,3,3,Potential Loyalists
15795,150.0,1,610.01,2,2,3,Lost Customers
13357,258.0,1,609.95,1,2,3,Lost Customers
14636,37.0,2,609.85,3,3,3,Other
13933,110.0,2,608.79,2,3,3,At Risk
12933,25.0,3,607.53,4,3,3,Potential Loyalists
15573,32.0,2,607.45,4,3,3,Potential Loyalists
17119,4.0,2,606.91,5,3,3,Potential Loyalists
14710,15.0,4,606.13,4,4,3,Loyal Customers
17849,219.0,4,605.8000000000001,1,4,3,At Risk
14133,130.0,3,605.64,2,3,3,At Risk
13888,120.0,2,605.63,2,3,3,At Risk
17507,262.0,2,605.58,1,3,3,At Risk
13233,75.0,2,605.12,2,3,3,At Risk
13558,6.0,4,605.0600000000001,5,4,3,Loyal Customers
14323,115.0,2,605.06,2,3,3,At Risk
14675,17.0,1,604.75,4,2,3,Potential Loyalists
17664,19.0,2,604.64,4,3,3,Potential Loyalists
12944,36.0,2,604.51,3,3,3,Other
16732,32.0,1,603.75,4,2,3,Potential Loyalists
12556,51.0,2,603.71,3,3,3,Other
12707,292.0,1,603.42,1,2,3,Lost Customers
17259,149.0,2,603.37,2,3,3,At Risk
15366,76.0,2,602.51,2,3,3,At Risk
17890,323.0,2,602.09,1,3,3,At Risk
12654,11.0,5,601.98,5,4,3,Loyal Customers
14609,73.0,4,601.56,2,4,3,At Risk
16654,142.0,4,601.27,2,4,3,At Risk
12420,64.0,1,600.39,3,2,3,Other
18211,26.0,5,600.07,4,4,3,Loyal Customers
13243,204.0,1,600.07,1,2,3,Lost Customers
12872,327.0,2,599.97,1,3,3,At Risk
12521,143.0,1,599.68,2,2,3,Lost Customers
14965,97.0,2,599.0,2,3,3,At Risk
17420,51.0,3,598.83,3,3,3,Other
14467,18.0,4,598.76,4,4,3,Loyal Customers
15720,25.0,1,598.73,4,2,3,Potential Loyalists
13311,5.0,2,598.5699999999999,5,3,3,Potential Loyalists
16298,23.0,3,598.2,4,3,3,Potential Loyalists
13959,80.0,3,598.2,2,3,3,At Risk
14108,31.0,2,597.91,4,3,3,Potential Loyalists
17864,13.0,3,597.5,5,3,3,Potential Loyalists
16788,124.0,2,597.48,2,3,3,At Risk
14645,157.0,2,597.09,2,3,3,At Risk
15381,214.0,2,596.85,1,3,3,At Risk
18246,24.0,2,596.1,4,3,3,Potential Loyalists
17658,26.0,2,595.42,4,3,3,Potential Loyalists
14284,31.0,2,595.25,4,3,3,Potential Loyalists
16325,47.0,3,594.24,3,3,3,Other
12917,129.0,1,594.0,2,2,3,Lost Customers
15442,249.0,1,594.0,1,2,3,Lost Customers
16535,6.0,1,593.75,5,2,3,Potential Loyalists
18232,82.0,4,592.97,2,4,3,At Risk
16203,59.0,4,592.9,3,4,3,Loyal Customers
14692,138.0,4,591.55,2,4,3,At Risk
13276,64.0,2,590.93,3,3,3,Other
13452,260.0,2,590.0,1,3,3,At Risk
13270,367.0,1,590.0,1,2,3,Lost Customers
14882,27.0,2,589.7,4,3,3,Potential Loyalists
18123,25.0,2,589.4399999999999,4,3,3,Potential Loyalists
16723,92.0,2,589.15,2,3,3,At Risk
16838,198.0,2,588.85,1,3,3,At Risk
14338,162.0,2,588.22,2,3,3,At Risk
15624,117.0,4,588.13,2,4,3,At Risk
17351,37.0,3,587.15,3,3,3,Other
17014,9.0,3,586.33,5,3,3,Potential Loyalists
17360,18.0,3,585.79,4,3,3,Potential Loyalists
12384,29.0,2,585.27,4,3,3,Potential Loyalists
15222,319.0,1,585.0,1,2,3,Lost Customers
16384,90.0,2,584.5,2,3,3,At Risk
16072,289.0,1,584.3199999999999,1,2,3,Lost Customers
14023,8.0,2,584.0699999999999,5,3,3,Potential Loyalists
13557,29.0,2,584.06,4,3,3,Potential Loyalists
15762,66.0,2,583.75,3,3,3,Other
12426,195.0,1,582.73,1,2,3,Lost Customers
13427,20.0,3,582.6,4,3,3,Potential Loyalists
17970,212.0,1,582.59,1,2,3,Lost Customers
12695,8.0,4,582.1,5,4,3,Loyal Customers
18095,313.0,2,580.05,1,3,3,At Risk
16906,82.0,4,579.77,2,4,3,At Risk
17142,240.0,1,579.0,1,2,3,Lost Customers
13292,39.0,2,578.94,3,3,3,Other
17540,25.0,2,578.9,4,3,3,Potential Loyalists
12601,190.0,5,577.06,1,4,3,At Risk
14176,298.0,4,576.9,1,4,3,At Risk
16916,24.0,2,576.26,4,3,3,Potential Loyalists
15830,38.0,1,576.0,3,2,3,Other
15550,5.0,4,575.63,5,4,3,Loyal Customers
16345,45.0,1,575.41,3,2,3,Other
13487,58.0,3,575.4,3,3,3,Other
14167,40.0,4,574.84,3,4,3,Loyal Customers
14400,150.0,1,574.7,2,2,3,Lost Customers
12784,10.0,2,574.42,5,3,3,Potential Loyalists
15339,67.0,2,574.07,3,3,3,Other
15303,291.0,1,574.02,1,2,3,Lost Customers
12879,45.0,3,573.22,3,3,3,Other
15415,314.0,1,572.81,1,2,3,Lost Customers
13379,27.0,3,572.56,4,3,3,Potential Loyalists
13405,75.0,3,572.451,2,3,3,At Risk
12816,96.0,2,572.2,2,3,3,At Risk
13816,24.0,2,571.67,4,3,3,Potential Loyalists
17616,174.0,3,571.1999999999999,2,3,3,At Risk
15821,45.0,2,570.96,3,3,3,Other
15315,65.0,2,570.5,3,3,3,Other
14592,36.0,3,570.46,3,3,3,Other
16667,69.0,2,570.13,3,3,3,Other
13939,24.0,3,568.55,4,3,3,Potential Loyalists
13321,73.0,2,567.36,2,3,3,At Risk
17897,173.0,3,566.6,2,3,3,At Risk
18150,33.0,3,566.58,4,3,3,Potential Loyalists
16278,101.0,1,566.38,2,2,3,Lost Customers
13894,24.0,3,564.62,4,3,3,Potential Loyalists
15344,1.0,3,563.9399999999999,5,3,3,Potential Loyalists
16933,2.0,2,563.23,5,3,3,Potential Loyalists
14753,88.0,1,563.15,2,2,3,Lost Customers
17265,139.0,2,562.9,2,3,3,At Risk
12414,218.0,3,562.41,1,3,3,At Risk
12559,311.0,2,561.71,1,3,3,At Risk
13946,80.0,3,561.57,2,3,3,At Risk
15655,244.0,1,560.67,1,2,3,Lost Customers
13044,292.0,1,560.47,1,2,3,Lost Customers
14273,52.0,4,559.97,3,4,3,Loyal Customers
16275,197.0,1,559.87,1,2,3,Lost Customers
18043,25.0,3,559.51,4,3,3,Potential Loyalists
14177,87.0,4,559.41,2,4,3,At Risk
12866,284.0,1,559.12,1,2,3,Lost Customers
17503,3.0,2,558.96,5,3,3,Potential Loyalists
12987,74.0,2,558.7,2,3,3,At Risk
13800,310.0,1,558.3199999999999,1,2,3,Lost Customers
13260,62.0,1,557.62,3,2,3,Other
17955,199.0,4,557.3,1,4,3,At Risk
17295,29.0,3,556.95,4,3,3,Potential Loyalists
16385,61.0,3,555.89,3,3,3,Other
14805,16.0,4,554.65,4,4,3,Loyal Customers
14891,149.0,2,554.38,2,3,3,At Risk
14618,10.0,3,553.44,5,3,3,Potential Loyalists
15068,47.0,2,553.36,3,3,3,Other
12363,110.0,2,552.0,2,3,3,At Risk
17674,75.0,2,551.04,2,3,3,At Risk
17291,309.0,1,550.8,1,2,3,Lost Customers
17235,26.0,2,550.0600000000001,4,3,3,Potential Loyalists
12390,80.0,1,549.84,2,2,3,Lost Customers
16340,108.0,1,549.07,2,2,3,Lost Customers
16536,111.0,1,548.97,2,2,3,Lost Customers
16031,93.0,2,548.94,2,3,3,At Risk
14474,47.0,1,547.66,3,2,3,Other
16811,5.0,2,547.0699999999999,5,3,3,Potential Loyalists
17637,32.0,2,547.06,4,3,3,Potential Loyalists
16211,89.0,1,547.02,2,2,3,Lost Customers
17520,54.0,1,546.81,3,2,3,Other
12743,135.0,2,546.43,2,3,3,At Risk
14997,47.0,3,546.2,3,3,3,Other
17806,12.0,1,546.04,5,2,3,Potential Loyalists
12793,335.0,2,545.48,1,3,3,At Risk
16475,89.0,4,544.3,2,4,3,At Risk
13617,41.0,3,544.18,3,3,3,Other
13390,75.0,1,544.08,2,2,3,Lost Customers
16927,116.0,3,543.05,2,3,3,At Risk
13278,41.0,1,542.73,3,2,3,Other
16230,190.0,2,542.03,1,3,3,At Risk
17447,41.0,2,541.53,3,3,3,Other
17557,15.0,3,541.46,4,3,3,Potential Loyalists
13874,359.0,1,540.45,1,2,3,Lost Customers
13812,43.0,3,539.0,3,3,3,Other
14496,312.0,2,538.81,1,3,3,At Risk
15452,30.0,3,538.73,4,3,3,Potential Loyalists
15469,51.0,2,538.55,3,3,3,Other
15539,8.0,1,538.46,5,2,3,Potential Loyalists
17062,314.0,4,538.37,1,4,3,At Risk
17345,16.0,4,537.74,4,4,3,Loyal Customers
14539,16.0,2,537.48,4,3,3,Potential Loyalists
16206,55.0,4,537.06,3,4,3,Loyal Customers
15043,32.0,1,537.0,4,2,3,Potential Loyalists
16804,24.0,3,536.99,4,3,3,Potential Loyalists
16233,72.0,3,536.68,3,3,3,Other
15535,174.0,4,536.4,2,4,3,At Risk
16142,250.0,1,535.34,1,2,3,Lost Customers
12988,293.0,1,535.32,1,2,3,Lost Customers
13000,107.0,3,534.85,2,3,3,At Risk
13385,330.0,1,534.57,1,2,3,Lost Customers
13434,75.0,2,534.24,2,3,3,At Risk
17443,220.0,1,534.24,1,2,3,Lost Customers
13217,123.0,3,533.98,2,3,3,At Risk
15433,214.0,2,533.3,1,3,3,At Risk
15756,62.0,4,532.96,3,4,3,Loyal Customers
15825,173.0,1,532.94,2,2,3,Lost Customers
16706,38.0,3,531.35,3,3,3,Other
14265,110.0,2,530.18,2,3,3,At Risk
18159,302.0,1,530.15,1,2,3,Lost Customers
14002,135.0,2,529.73,2,3,3,At Risk
14463,99.0,3,529.62,2,3,3,At Risk
16185,17.0,2,529.41,4,3,3,Potential Loyalists
17631,2.0,3,528.33,5,3,3,Potential Loyalists
16602,37.0,1,528.08,3,2,3,Other
12479,12.0,1,527.2,5,2,3,Potential Loyalists
17623,33.0,1,527.05,4,2,3,Potential Loyalists
18252,51.0,2,526.67,3,3,3,Other
16892,2.0,5,525.54,5,4,3,Loyal Customers
17290,4.0,2,525.24,5,3,3,Potential Loyalists
17429,129.0,3,524.92,2,3,3,At Risk
15467,10.0,3,524.88,5,3,3,Potential Loyalists
15891,227.0,1,524.52,1,2,3,Lost Customers
13721,37.0,1,524.14,3,2,3,Other
17329,15.0,2,523.11,4,3,3,Potential Loyalists
18017,82.0,3,523.0,2,3,3,At Risk
17712,45.0,1,522.91,3,2,3,Other
14871,4.0,4,522.38,5,4,3,Loyal Customers
12863,53.0,1,521.2,3,2,3,Other
15149,134.0,1,520.8,2,2,3,Lost Customers
14873,211.0,1,519.68,1,2,3,Lost Customers
12571,40.0,2,519.61,3,3,3,Other
13643,32.0,3,519.44,4,3,3,Potential Loyalists
16955,185.0,4,518.67,1,4,3,At Risk
16650,72.0,1,518.42,3,2,3,Other
15030,72.0,2,518.28,3,3,3,Other
16135,263.0,1,517.55,1,2,3,Lost Customers
17454,193.0,4,517.53,1,4,3,At Risk
18205,37.0,2,517.36,3,3,3,Other
13043,274.0,1,516.42,1,2,3,Lost Customers
15882,199.0,4,516.36,1,4,3,At Risk
15809,37.0,5,515.77,3,4,3,Loyal Customers
12811,261.0,3,514.85,1,3,3,At Risk
15246,239.0,2,514.15,1,3,3,At Risk
13005,174.0,2,513.7,2,3,3,At Risk
17513,73.0,1,513.1999999999999,2,2,3,Lost Customers
17805,74.0,1,512.31,2,2,3,Lost Customers
17480,78.0,1,511.82,2,2,3,Lost Customers
12582,239.0,2,511.36,1,3,3,At Risk
14851,24.0,2,511.35,4,3,3,Potential Loyalists
16561,6.0,2,511.12,5,3,3,Potential Loyalists
15406,32.0,2,510.71,4,3,3,Potential Loyalists
12904,19.0,2,509.58,4,3,3,Potential Loyalists
12436,100.0,1,509.01,2,2,3,Lost Customers
16898,27.0,3,508.81,4,3,3,Potential Loyalists
15417,86.0,1,508.8,2,2,3,Lost Customers
17391,164.0,2,508.8,2,3,3,At Risk
14317,65.0,1,508.58,3,2,3,Other
17958,117.0,1,508.46000000000004,2,2,3,Lost Customers
17415,80.0,1,507.84,2,2,3,Lost Customers
14158,41.0,1,507.65999999999997,3,2,3,Other
14820,22.0,4,507.29,4,4,3,Loyal Customers
15721,12.0,1,507.08,5,2,3,Potential Loyalists
16960,39.0,3,507.05,3,3,3,Other
13885,190.0,2,506.8,1,3,3,At Risk
16614,183.0,1,506.19,1,2,3,Lost Customers
14014,78.0,1,505.18,2,2,3,Lost Customers
15081,23.0,5,504.8,4,4,3,Loyal Customers
12991,24.0,2,503.76,4,3,3,Potential Loyalists
17630,170.0,2,503.6,2,3,3,At Risk
16863,32.0,2,502.8,4,3,3,Potential Loyalists
15006,52.0,1,502.09,3,2,3,Other
13865,59.0,4,501.56,3,4,3,Loyal Customers
15881,313.0,5,501.39,1,4,3,At Risk
13116,139.0,1,501.14,2,2,3,Lost Customers
13247,18.0,4,501.12,4,4,3,Loyal Customers
16616,16.0,2,500.42,4,3,3,Potential Loyalists
15389,173.0,1,500.0,2,2,3,Lost Customers
14958,148.0,3,499.68,2,3,3,At Risk
14077,41.0,5,499.42,3,4,3,Loyal Customers
15193,61.0,1,499.32,3,2,3,Other
14681,72.0,3,498.95,3,3,3,Other
16488,34.0,3,498.8,3,3,3,Other
15142,47.0,1,498.74,3,2,3,Other
17053,131.0,1,498.48,2,2,3,Lost Customers
17298,102.0,2,498.42,2,3,3,At Risk
16820,96.0,1,497.61,2,2,3,Lost Customers
17495,8.0,2,497.56,5,3,3,Potential Loyalists
16368,3.0,2,497.43,5,3,3,Potential Loyalists
15300,65.0,1,496.44,3,2,3,Other
15018,39.0,3,496.21,3,3,3,Other
17374,219.0,2,495.77,1,3,3,At Risk
15448,313.0,1,494.64,1,2,3,Lost Customers
16352,18.0,2,494.44,4,3,3,Potential Loyalists
17333,86.0,1,494.25,2,2,3,Lost Customers
12763,139.0,2,494.08,2,3,3,At Risk
15877,2.0,2,493.28000000000003,5,3,3,Potential Loyalists
13176,47.0,1,492.84,3,2,3,Other
14270,332.0,1,492.65,1,2,3,Lost Customers
15507,172.0,1,492.36,2,2,3,Lost Customers
13732,29.0,1,491.86,4,2,3,Potential Loyalists
14236,81.0,2,490.86,2,3,3,At Risk
15000,48.0,1,490.52,3,2,3,Other
14416,23.0,2,490.22,4,3,2,Potential Loyalists
18074,374.0,1,489.6,1,2,2,Lost Customers
12809,178.0,1,489.31,2,2,2,Lost Customers
17361,50.0,3,488.2,3,3,2,Other
14396,66.0,2,487.99,3,3,2,Other
15165,374.0,1,487.75,1,2,2,Lost Customers
16643,246.0,1,487.51,1,2,2,Lost Customers
13338,158.0,1,487.02,2,2,2,Lost Customers
13675,152.0,2,486.82,2,3,2,Other
17453,18.0,2,486.72,4,3,2,Potential Loyalists
15287,23.0,2,486.69,4,3,2,Potential Loyalists
13153,6.0,1,486.22,5,2,2,Potential Loyalists
12639,239.0,1,486.1,1,2,2,Lost Customers
15109,246.0,1,484.95,1,2,2,Lost Customers
16999,24.0,2,484.82,4,3,2,Potential Loyalists
16504,26.0,1,484.38,4,2,2,Potential Loyalists
16518,62.0,2,484.32,3,3,2,Other
14130,320.0,1,483.86,1,2,2,Lost Customers
13531,206.0,2,483.8,1,3,2,Other
12808,37.0,3,483.65,3,3,2,Other
14147,79.0,2,483.4,2,3,2,Other
17555,20.0,2,483.26,4,3,2,Potential Loyalists
14450,181.0,3,483.25,1,3,2,Other
16603,75.0,2,482.46999999999997,2,3,2,Other
17950,73.0,3,482.2,2,3,2,Other
12504,19.0,2,482.05,4,3,2,Potential Loyalists
16693,69.0,2,482.01,3,3,2,Other
18216,32.0,1,481.75,4,2,2,Potential Loyalists
15091,68.0,1,480.71,3,2,2,Other
16812,361.0,1,479.34999999999997,1,2,2,Lost Customers
16008,24.0,3,478.78000000000003,4,3,2,Potential Loyalists
15589,256.0,3,478.53,1,3,2,Other
16768,48.0,3,478.09000000000003,3,3,2,Other
12644,130.0,1,477.90999999999997,2,2,2,Lost Customers
13092,71.0,5,477.83,3,4,2,Loyal Customers
14320,207.0,2,477.78999999999996,1,3,2,Other
12447,244.0,1,476.49,1,2,2,Lost Customers
18176,359.0,1,476.34999999999997,1,2,2,Lost Customers
14853,25.0,2,475.79999999999995,4,3,2,Potential Loyalists
14497,310.0,1,475.37,1,2,2,Lost Customers
15780,184.0,3,475.28000000000003,1,3,2,Other
15349,159.0,2,473.81,2,3,2,Other
15557,29.0,1,473.65,4,2,2,Potential Loyalists
16374,67.0,2,473.03,3,3,2,Other
14013,111.0,3,473.02,2,3,2,Other
16038,8.0,3,471.78,5,3,2,Potential Loyalists
17964,32.0,2,471.7,4,3,2,Potential Loyalists
16885,16.0,3,471.51,4,3,2,Potential Loyalists
13066,25.0,2,470.8,4,3,2,Potential Loyalists
15963,20.0,2,470.76,4,3,2,Potential Loyalists
14431,303.0,1,470.36,1,2,2,Lost Customers
15471,3.0,1,469.48,5,2,2,Potential Loyalists
15026,81.0,3,469.0,2,3,2,Other
14896,205.0,2,468.77,1,3,2,Other
13171,22.0,3,468.41,4,3,2,Potential Loyalists
14335,17.0,2,468.26,4,3,2,Potential Loyalists
14029,64.0,2,467.66,3,3,2,Other
15468,52.0,2,467.51,3,3,2,Other
13579,15.0,2,467.04,4,3,2,Potential Loyalists
14205,17.0,2,466.7,4,3,2,Potential Loyalists
13248,125.0,2,465.68,2,3,2,Other
15036,73.0,3,465.55,2,3,2,Other
17140,248.0,1,465.32,1,2,2,Lost Customers
16742,47.0,1,464.9,3,2,2,Other
13928,11.0,4,464.57,5,4,2,Loyal Customers
16586,249.0,1,463.95,1,2,2,Lost Customers
14967,50.0,1,463.8,3,2,2,Other
12787,10.0,3,463.66,5,3,2,Potential Loyalists
17418,43.0,2,463.46,3,3,2,Other
14489,208.0,1,463.38,1,2,2,Lost Customers
12945,289.0,1,462.95,1,2,2,Lost Customers
14331,125.0,2,462.65999999999997,2,3,2,Other
14470,12.0,2,461.19,5,3,2,Potential Loyalists
12391,22.0,1,460.89,4,2,2,Potential Loyalists
16824,16.0,2,460.64,4,3,2,Potential Loyalists
16805,174.0,2,460.59,2,3,2,Other
12491,39.0,1,460.4,3,2,2,Other
12355,215.0,1,459.4,1,2,2,Lost Customers
16589,72.0,3,459.24,3,3,2,Other
17880,365.0,1,458.92,1,2,2,Lost Customers
15754,52.0,3,458.57,3,3,2,Other
13506,317.0,2,458.52,1,3,2,Other
17392,307.0,2,457.91,1,3,2,Other
15092,216.0,2,457.81,1,3,2,Other
15121,51.0,2,457.71999999999997,3,3,2,Other
12375,11.0,2,457.5,5,3,2,Potential Loyalists
13398,193.0,1,457.34000000000003,1,2,2,Lost Customers
12564,262.0,1,456.9,1,2,2,Lost Customers
12999,197.0,3,455.88,1,3,2,Other
14513,101.0,3,455.59000000000003,2,3,2,Other
15585,177.0,1,455.3,2,2,2,Lost Customers
16529,191.0,1,455.25,1,2,2,Lost Customers
13485,234.0,1,454.24,1,2,2,Lost Customers
15475,78.0,1,454.11,2,2,2,Lost Customers
17564,25.0,3,454.01,4,3,2,Potential Loyalists
18158,10.0,2,453.4,5,3,2,Potential Loyalists
12729,114.0,1,453.01,2,2,2,Lost Customers
18071,258.0,2,453.0,1,3,2,Other
14184,67.0,1,452.89,3,2,2,Other
12591,318.0,1,452.84999999999997,1,2,2,Lost Customers
12970,8.0,4,452.24,5,4,2,Loyal Customers
16574,72.0,1,451.44,3,2,2,Other
15802,143.0,1,451.42,2,2,2,Lost Customers
14173,11.0,4,450.84,5,4,2,Loyal Customers
17040,138.0,1,449.72999999999996,2,2,2,Lost Customers
13489,106.0,4,449.52,2,4,2,Other
12448,45.0,1,449.45,3,2,2,Other
15739,67.0,1,449.12,3,2,2,Other
17579,5.0,3,448.9,5,3,2,Potential Loyalists
14780,55.0,2,447.68,3,3,2,Other
15646,158.0,3,447.64,2,3,2,Other
15456,284.0,3,447.21999999999997,1,3,2,Other
15368,22.0,1,446.94,4,2,2,Potential Loyalists
15889,157.0,2,446.87,2,3,2,Other
14149,221.0,1,446.62,1,2,2,Lost Customers
17370,73.0,4,446.18,2,4,2,Other
17190,59.0,2,444.74,3,3,2,Other
18006,24.0,1,444.68,4,2,2,Potential Loyalists
14638,51.0,1,443.6,3,2,2,Other
16404,71.0,1,443.05,3,2,2,Other
18222,93.0,1,443.0,2,2,2,Lost Customers
14093,13.0,1,442.85,5,2,2,Potential Loyalists
12579,79.0,1,440.42,2,2,2,Lost Customers
15524,25.0,1,440.0,4,2,2,Potential Loyalists
14022,226.0,1,440.0,1,2,2,Lost Customers
18233,326.0,1,440.0,1,2,2,Lost Customers
13954,2.0,2,439.92,5,3,2,Potential Loyalists
16025,30.0,1,439.65999999999997,4,2,2,Potential Loyalists
13359,64.0,1,439.56,3,2,2,Other
16968,5.0,2,439.43,5,3,2,Potential Loyalists
13358,269.0,1,439.03,1,2,2,Lost Customers
14272,74.0,2,437.96,2,3,2,Other
12552,39.0,2,437.82,3,3,2,Other
16034,197.0,3,437.7,1,3,2,Other
12592,93.0,2,437.6,2,3,2,Other
15553,61.0,1,437.23,3,2,2,Other
16084,300.0,1,436.18,1,2,2,Lost Customers
15551,37.0,1,436.06,3,2,2,Other
16948,139.0,3,435.02,2,3,2,Other
14910,3.0,4,434.35,5,4,2,Loyal Customers
14460,111.0,3,434.34,2,3,2,Other
12493,166.0,2,433.74,2,3,2,Other
17035,246.0,2,433.53,1,3,2,Other
14157,20.0,2,432.88,4,3,2,Potential Loyalists
16236,79.0,1,432.2,2,2,2,Lost Customers
16881,67.0,1,432.0,3,2,2,Other
15976,166.0,2,430.94,2,3,2,Other
18106,330.0,1,430.7,1,2,2,Lost Customers
12452,17.0,2,430.57,4,3,2,Potential Loyalists
13245,51.0,1,430.5,3,2,2,Other
12795,19.0,1,430.48,4,2,2,Potential Loyalists
12827,6.0,3,430.15,5,3,2,Potential Loyalists
14998,171.0,2,429.87,2,3,2,Other
15450,31.0,1,429.84,4,2,2,Potential Loyalists
16884,38.0,2,429.84,3,3,2,Other
15230,240.0,2,429.6,1,3,2,Other
15957,32.0,1,428.89,4,2,2,Potential Loyalists
13602,65.0,1,428.89,3,2,2,Other
16324,129.0,3,428.68,2,3,2,Other
17869,108.0,5,428.18,2,4,2,Other
15360,40.0,1,427.93,3,2,2,Other
12725,372.0,1,427.8,1,2,2,Lost Customers
12403,50.0,1,427.7,3,2,2,Other
12740,64.0,1,427.6,3,2,2,Other
12802,187.0,1,427.58,1,2,2,Lost Customers
15994,55.0,1,427.07,3,2,2,Other
17223,311.0,2,426.79,1,3,2,Other
15930,68.0,1,426.63,3,2,2,Other
14288,214.0,1,426.59999999999997,1,2,2,Lost Customers
15639,135.0,1,425.32,2,2,2,Lost Customers
16780,101.0,2,425.19,2,3,2,Other
17134,107.0,2,425.0,2,3,2,Other
17371,18.0,3,423.89,4,3,2,Potential Loyalists
13140,109.0,3,423.72,2,3,2,Other
16119,9.0,2,423.36,5,3,2,Potential Loyalists
15012,54.0,2,423.04,3,3,2,Other
18034,22.0,2,422.88,4,3,2,Potential Loyalists
17525,360.0,1,422.7,1,2,2,Lost Customers
13473,61.0,2,422.64,3,3,2,Other
16689,76.0,2,422.6,2,3,2,Other
18240,47.0,1,422.58,3,2,2,Other
17232,3.0,2,421.52,5,3,2,Potential Loyalists
14757,76.0,1,420.5,2,2,2,Lost Customers
15206,11.0,4,420.3,5,4,2,Loyal Customers
14124,85.0,1,419.58,2,2,2,Lost Customers
15361,362.0,1,418.92,1,2,2,Lost Customers
15967,24.0,2,418.83,4,3,2,Potential Loyalists
12593,109.0,3,418.1,2,3,2,Other
17701,253.0,1,417.95,1,2,2,Lost Customers
16629,74.0,2,417.73,2,3,2,Other
13615,319.0,1,417.69,1,2,2,Lost Customers
16737,54.0,1,417.6,3,2,2,Other
12833,146.0,1,417.38,2,2,2,Lost Customers
18001,13.0,2,417.23,5,3,2,Potential Loyalists
13166,284.0,1,417.2,1,2,2,Lost Customers
16816,104.0,4,417.06,2,4,2,Other
13889,93.0,1,416.9,2,2,2,Lost Customers
15935,240.0,2,416.86,1,3,2,Other
16957,240.0,2,416.64,1,3,2,Other
13085,158.0,2,416.08,2,3,2,Other
14139,47.0,1,415.82,3,2,2,Other
15803,52.0,1,415.82,3,2,2,Other
12930,79.0,2,415.8,2,3,2,Other
12580,247.0,1,415.7,1,2,2,Lost Customers
15725,16.0,1,415.25,4,2,2,Potential Loyalists
14333,68.0,1,415.2,3,2,2,Other
16795,366.0,1,414.88,1,2,2,Lost Customers
12993,24.0,4,414.76,4,4,2,Loyal Customers
16239,57.0,2,414.2,3,3,2,Other
17483,66.0,3,414.04,3,3,2,Other
17052,29.0,1,413.75,4,2,2,Potential Loyalists
13974,50.0,1,413.59,3,2,2,Other
16834,228.0,1,413.46,1,2,2,Lost Customers
14620,206.0,2,412.78000000000003,1,3,2,Other
13827,58.0,3,412.05,3,3,2,Other
15523,85.0,1,412.01,2,2,2,Lost Customers
16272,117.0,1,411.7,2,2,2,Lost Customers
17913,59.0,2,411.6,3,3,2,Other
14670,281.0,2,411.53,1,3,2,Other
15186,15.0,2,411.41,4,3,2,Potential Loyalists
15099,85.0,1,410.48,2,2,2,Lost Customers
15695,267.0,2,409.98,1,3,2,Other
14048,306.0,1,409.93,1,2,2,Lost Customers
14348,261.0,1,409.57,1,2,2,Lost Customers
12990,32.0,3,409.5,4,3,2,Potential Loyalists
15225,235.0,1,409.4,1,2,2,Lost Customers
16243,34.0,2,409.1,3,3,2,Other
16018,40.0,2,408.9,3,3,2,Other
15269,24.0,1,408.8,4,2,2,Potential Loyalists
16399,20.0,2,408.57,4,3,2,Potential Loyalists
17931,135.0,2,408.36,2,3,2,Other
16010,246.0,3,407.5,1,3,2,Other
15184,30.0,2,406.76,4,3,2,Potential Loyalists
15127,66.0,1,406.53,3,2,2,Other
16947,236.0,1,406.48,1,2,2,Lost Customers
15342,130.0,1,406.09,2,2,2,Lost Customers
14616,243.0,3,406.08,1,3,2,Other
16204,24.0,1,405.71,4,2,2,Potential Loyalists
18036,33.0,3,405.62,4,3,2,Potential Loyalists
12922,162.0,1,405.38,2,2,2,Lost Customers
17379,12.0,1,404.66,5,2,2,Potential Loyalists
15938,113.0,5,404.58,2,4,2,Other
16319,218.0,1,404.40000000000003,1,2,2,Lost Customers
16484,174.0,2,404.3,2,3,2,Other
12498,22.0,3,403.7,4,3,2,Potential Loyalists
17431,314.0,1,403.3,1,2,2,Lost Customers
15221,367.0,1,403.25,1,2,2,Lost Customers
12386,338.0,2,401.90000000000003,1,3,2,Other
15158,46.0,1,401.4,3,2,2,Other
16500,5.0,6,400.86,5,4,2,Loyal Customers
16198,76.0,1,400.681,2,2,2,Lost Customers
12792,257.0,1,400.54,1,2,2,Lost Customers
17375,200.0,3,400.1,1,3,2,Other
18164,38.0,1,399.65,3,2,2,Other
13255,10.0,2,399.51,5,3,2,Potential Loyalists
18154,4.0,2,399.19,5,3,2,Potential Loyalists
15522,33.0,2,398.84000000000003,4,3,2,Potential Loyalists
17830,2.0,3,398.7,5,3,2,Potential Loyalists
12508,27.0,2,398.27,4,3,2,Potential Loyalists
13352,61.0,1,397.98,3,2,2,Other
15429,27.0,2,397.35,4,3,2,Potential Loyalists
17926,134.0,2,397.29,2,3,2,Other
12824,60.0,1,397.12,3,2,2,Other
13594,53.0,1,396.97,3,2,2,Other
13673,19.0,2,396.92,4,3,2,Potential Loyalists
17486,262.0,1,396.87,1,2,2,Lost Customers
15883,3.0,2,396.48,5,3,2,Potential Loyalists
18067,41.0,1,396.33,3,2,2,Other
16354,64.0,2,395.8,3,3,2,Other
17603,79.0,1,394.72,2,2,2,Lost Customers
14619,246.0,1,394.44,1,2,2,Lost Customers
16207,26.0,1,394.38,4,2,2,Potential Loyalists
15386,187.0,1,394.14,1,2,2,Lost Customers
15264,65.0,1,393.74,3,2,2,Other
15345,46.0,1,393.54,3,2,2,Other
17226,309.0,1,393.49,1,2,2,Lost Customers
14600,306.0,1,393.33,1,2,2,Lost Customers
15837,65.0,1,391.98,3,2,2,Other
16917,277.0,1,391.52,1,2,2,Lost Customers
12982,243.0,1,390.53999999999996,1,2,2,Lost Customers
17614,58.0,1,390.07,3,2,2,Other
17936,6.0,1,389.84,5,2,2,Potential Loyalists
18024,153.0,2,389.78,2,3,2,Other
14752,44.0,1,389.64,3,2,2,Other
13873,120.0,3,389.6,2,3,2,Other
13345,288.0,1,389.5,1,2,2,Lost Customers
16250,262.0,2,389.44,1,3,2,Other
15847,39.0,2,389.27,3,3,2,Other
12690,206.0,1,389.01,1,2,2,Lost Customers
17595,13.0,2,388.79,5,3,2,Potential Loyalists
15592,47.0,1,388.58,3,2,2,Other
13899,17.0,2,388.52,4,3,2,Potential Loyalists
13856,169.0,3,388.5,2,3,2,Other
17438,254.0,1,388.45,1,2,2,Lost Customers
16776,61.0,1,388.28,3,2,2,Other
14538,65.0,2,388.25,3,3,2,Other
17357,25.0,2,388.14,4,3,2,Potential Loyalists
17817,5.0,3,387.68,5,3,2,Potential Loyalists
14420,100.0,1,387.52,2,2,2,Lost Customers
17508,281.0,1,387.31,1,2,2,Lost Customers
14114,274.0,2,386.53,1,3,2,Other
15664,51.0,1,386.43,3,2,2,Other
14779,281.0,3,386.15,1,3,2,Other
13821,145.0,2,385.64,2,3,2,Other
17711,11.0,2,385.1,5,3,2,Potential Loyalists
13919,60.0,2,384.81,3,3,2,Other
13833,160.0,1,384.8,2,2,2,Lost Customers
17250,4.0,2,384.52,5,3,2,Potential Loyalists
17189,107.0,2,384.4,2,3,2,Other
17205,54.0,1,384.08,3,2,2,Other
16982,61.0,1,384.06,3,2,2,Other
15048,66.0,4,384.05,3,4,2,Loyal Customers
12733,235.0,1,383.95,1,2,2,Lost Customers
12515,354.0,1,383.7,1,2,2,Lost Customers
15440,55.0,3,383.68,3,3,2,Other
14304,223.0,1,383.45,1,2,2,Lost Customers
15424,255.0,2,383.34,1,3,2,Other
12832,33.0,2,383.03000000000003,4,3,2,Potential Loyalists
13817,30.0,2,382.98,4,3,2,Potential Loyalists
18181,25.0,1,382.8,4,2,2,Potential Loyalists
17239,313.0,1,382.5,1,2,2,Lost Customers
13657,11.0,2,382.14,5,3,2,Potential Loyalists
17999,38.0,2,382.06,3,3,2,Other
15090,309.0,1,381.32,1,2,2,Lost Customers
16441,68.0,2,381.2,3,3,2,Other
12871,85.0,2,380.64,2,3,2,Other
17573,30.0,3,380.6,4,3,2,Potential Loyalists
16930,27.0,3,380.55,4,3,2,Potential Loyalists
17138,276.0,1,380.5,1,2,2,Lost Customers
12890,25.0,1,380.47,4,2,2,Potential Loyalists
16769,261.0,1,380.39,1,2,2,Lost Customers
17031,12.0,2,380.35,5,3,2,Potential Loyalists
14731,48.0,3,380.02,3,3,2,Other
14594,8.0,2,379.83,5,3,2,Potential Loyalists
16552,243.0,2,379.73,1,3,2,Other
13589,15.0,2,379.65,4,3,2,Potential Loyalists
13656,165.0,2,379.65,2,3,2,Other
17878,44.0,1,379.45,3,2,2,Other
15885,93.0,3,379.35,2,3,2,Other
16909,73.0,1,379.14,2,2,2,Lost Customers
13372,90.0,1,378.64,2,2,2,Lost Customers
17078,37.0,2,378.2,3,3,2,Other
17736,10.0,3,377.44,5,3,2,Potential Loyalists
15025,34.0,1,377.01,3,2,2,Other
17489,59.0,2,376.64,3,3,2,Other
13936,180.0,1,376.58,1,2,2,Lost Customers
16858,369.0,1,375.69,1,2,2,Lost Customers
14448,10.0,2,375.34999999999997,5,3,2,Potential Loyalists
14079,125.0,1,375.1,2,2,2,Lost Customers
16147,134.0,1,375.0,2,2,2,Lost Customers
14067,64.0,2,374.7,3,3,2,Other
17492,249.0,1,374.57,1,2,2,Lost Customers
12873,283.0,1,374.0,1,2,2,Lost Customers
13351,67.0,1,373.94,3,2,2,Other
13569,18.0,2,373.75,4,3,2,Potential Loyalists
16321,73.0,5,373.65,2,4,2,Other
16903,30.0,1,373.24,4,2,2,Potential Loyalists
12895,43.0,2,372.8,3,3,2,Other
12544,37.0,1,372.7,3,2,2,Other
12981,30.0,2,372.21999999999997,4,3,2,Potential Loyalists
16065,366.0,1,372.09,1,2,2,Lost Customers
13300,170.0,1,371.89,2,2,2,Lost Customers
17765,159.0,3,371.88,2,3,2,Other
14690,45.0,2,371.7,3,3,2,Other
18155,76.0,3,371.62,2,3,2,Other
15472,114.0,1,371.56,2,2,2,Lost Customers
14950,20.0,1,371.2,4,2,2,Potential Loyalists
15975,85.0,1,371.01,2,2,2,Lost Customers
15063,214.0,1,370.8,1,2,2,Lost Customers
16343,17.0,2,370.48,4,3,2,Potential Loyalists
15922,374.0,1,369.5,1,2,2,Lost Customers
16758,66.0,1,369.34,3,2,2,Other
14888,208.0,1,369.2,1,2,2,Lost Customers
16372,34.0,2,367.93,3,3,2,Other
17911,10.0,1,366.23,5,2,2,Potential Loyalists
17358,304.0,2,365.85,1,3,2,Other
17432,19.0,2,365.76,4,3,2,Potential Loyalists
16499,361.0,2,365.45,1,3,2,Other
16202,361.0,1,365.27,1,2,2,Lost Customers
14886,253.0,1,364.8,1,2,2,Lost Customers
15949,17.0,2,364.71999999999997,4,3,2,Potential Loyalists
12373,312.0,1,364.6,1,2,2,Lost Customers
15343,88.0,1,364.5,2,2,2,Lost Customers
14528,38.0,1,364.21999999999997,3,2,2,Other
12538,30.0,1,363.95,4,2,2,Potential Loyalists
17330,23.0,2,363.9,4,3,2,Potential Loyalists
15901,17.0,3,363.88,4,3,2,Potential Loyalists
14171,99.0,1,363.79,2,2,2,Lost Customers
16509,297.0,1,363.7,1,2,2,Lost Customers
16485,78.0,1,363.65,2,2,2,Lost Customers
12915,149.0,2,363.65,2,2,2,Lost Customers
18056,289.0,1,363.65,1,2,2,Lost Customers
14932,366.0,1,363.53,1,2,2,Lost Customers
14427,51.0,2,363.34000000000003,3,2,2,Other
16378,248.0,3,362.95,1,3,2,Other
16052,55.0,1,362.06,3,2,2,Other
13844,12.0,1,361.62,5,2,2,Potential Loyalists
16305,139.0,1,361.22,2,2,2,Lost Customers
13291,156.0,1,361.11,2,2,2,Lost Customers
15872,15.0,2,360.93,4,2,2,Potential Loyalists
16595,62.0,1,360.15999999999997,3,2,2,Other
13780,8.0,2,360.01,5,2,2,Potential Loyalists
13298,2.0,1,360.0,5,2,2,Potential Loyalists
15120,134.0,1,358.82,2,2,2,Lost Customers
17948,148.0,1,358.56,2,2,2,Lost Customers
16823,228.0,1,358.38,1,2,2,Lost Customers
13228,82.0,1,358.0,2,2,2,Lost Customers
13976,207.0,1,357.98,1,2,2,Lost Customers
16274,374.0,1,357.95,1,2,2,Lost Customers
17025,61.0,3,357.77,3,3,2,Other
16971,39.0,1,357.21,3,2,2,Other
18040,20.0,2,357.2,4,2,2,Potential Loyalists
13453,166.0,2,356.98,2,2,2,Lost Customers
14500,89.0,3,356.85,2,3,2,Other
15713,144.0,2,356.7,2,2,2,Lost Customers
15247,123.0,1,356.0,2,2,2,Lost Customers
14537,58.0,1,355.56,3,2,2,Other
15840,59.0,2,355.56,3,2,2,Other
12617,30.0,1,355.53,4,2,2,Potential Loyalists
17742,114.0,2,355.11,2,2,2,Lost Customers
13642,216.0,1,354.8,1,2,2,Lost Customers
17222,66.0,1,354.15,3,2,2,Other
12888,215.0,2,354.12,1,2,2,Lost Customers
12845,268.0,4,354.09000000000003,1,4,2,Other
15870,33.0,1,354.09,4,2,2,Potential Loyalists
12715,107.0,1,353.86,2,2,2,Lost Customers
17252,117.0,2,353.86,2,2,2,Lost Customers
13173,5.0,2,353.65,5,2,2,Potential Loyalists
13210,94.0,1,353.48,2,2,2,Lost Customers
13343,178.0,1,353.43,2,2,2,Lost Customers
14804,9.0,1,353.27,5,2,2,Potential Loyalists
17976,373.0,1,353.19,1,2,2,Lost Customers
15678,53.0,1,352.7,3,2,2,Other
18112,13.0,2,352.69,5,2,2,Potential Loyalists
15334,157.0,3,351.67,2,3,2,Other
12566,87.0,1,351.65,2,2,2,Lost Customers
15789,359.0,1,351.3,1,2,2,Lost Customers
13923,54.0,1,351.13,3,2,2,Other
15900,24.0,1,351.11,4,2,2,Potential Loyalists
13332,15.0,1,350.9,4,2,2,Potential Loyalists
13740,241.0,1,350.75,1,2,2,Lost Customers
17835,3.0,3,350.64,5,3,2,Potential Loyalists
17795,180.0,2,350.39,1,2,2,Lost Customers
13108,373.0,1,350.06,1,2,2,Lost Customers
12532,31.0,1,349.83,4,2,2,Potential Loyalists
13670,76.0,1,349.7,2,2,2,Lost Customers
13887,205.0,1,349.55,1,2,2,Lost Customers
18250,311.0,1,349.27,1,2,2,Lost Customers
15405,190.0,1,349.1,1,2,2,Lost Customers
13927,75.0,1,348.99,2,2,2,Lost Customers
13790,5.0,1,348.8,5,2,2,Potential Loyalists
18127,20.0,3,348.73,4,3,2,Potential Loyalists
12527,82.0,3,348.71,2,3,2,Other
15579,69.0,2,348.6,3,2,2,Other
16159,282.0,1,348.2,1,2,2,Lost Customers
13052,213.0,1,348.15,1,2,2,Lost Customers
14379,45.0,2,348.1,3,2,2,Other
13497,283.0,2,348.05,1,2,2,Lost Customers
17668,2.0,2,347.75,5,2,2,Potential Loyalists
13062,192.0,1,346.98,1,2,2,Lost Customers
13649,257.0,2,346.6,1,2,2,Lost Customers
16423,25.0,1,346.12,4,2,2,Potential Loyalists
13091,29.0,1,345.82,4,2,2,Potential Loyalists
15781,26.0,3,345.46,4,3,2,Potential Loyalists
17123,162.0,1,345.3,2,2,2,Lost Customers
13774,82.0,1,345.0,2,2,2,Lost Customers
14633,267.0,1,344.9,1,2,2,Lost Customers
16978,78.0,1,344.33,2,2,2,Lost Customers
17569,333.0,1,344.14,1,2,2,Lost Customers
13068,11.0,2,344.0,5,2,2,Potential Loyalists
15047,270.0,1,343.62,1,2,2,Lost Customers
15520,2.0,1,343.5,5,2,2,Potential Loyalists
18081,37.0,3,343.45,3,3,2,Other
15880,370.0,1,343.28,1,2,2,Lost Customers
12875,144.0,2,343.23,2,2,2,Lost Customers
17201,54.0,1,342.63,3,2,2,Other
16851,5.0,3,342.45,5,3,2,Potential Loyalists
16826,52.0,1,341.7,3,2,2,Other
13347,71.0,1,341.36,3,2,2,Other
17917,46.0,3,341.28,3,3,2,Other
14491,176.0,2,340.93,2,2,2,Lost Customers
12519,64.0,1,340.84,3,2,2,Other
15115,19.0,1,340.11,4,2,2,Potential Loyalists
13737,201.0,1,339.6,1,2,2,Lost Customers
17045,114.0,3,339.44,2,3,2,Other
16545,165.0,1,339.3,2,2,2,Lost Customers
17697,237.0,1,338.95,1,2,2,Lost Customers
17839,43.0,1,338.8,3,2,2,Other
16183,68.0,1,338.71000000000004,3,2,2,Other
15652,92.0,1,337.74,2,2,2,Lost Customers
15942,134.0,1,337.44,2,2,2,Lost Customers
13930,58.0,2,337.34,3,2,2,Other
17973,52.0,1,337.04,3,2,2,Other
16105,249.0,1,336.96,1,2,2,Lost Customers
17914,4.0,1,336.43,5,2,2,Potential Loyalists
15619,11.0,1,336.4,5,2,2,Potential Loyalists
17384,20.0,2,336.4,4,2,2,Potential Loyalists
14954,13.0,1,336.17,5,2,2,Potential Loyalists
18078,218.0,2,336.13,1,2,2,Lost Customers
15921,173.0,1,336.03000000000003,2,2,2,Lost Customers
18276,44.0,1,335.86,3,2,2,Other
14196,107.0,1,335.52,2,2,2,Lost Customers
16063,261.0,1,335.32,1,2,2,Lost Customers
17221,8.0,2,335.13,5,2,2,Potential Loyalists
12489,337.0,1,334.93,1,2,2,Lost Customers
14988,212.0,1,334.54,1,2,2,Lost Customers
15466,86.0,1,334.53,2,2,2,Lost Customers
12350,311.0,1,334.4,1,2,2,Lost Customers
15918,191.0,2,334.23,1,2,2,Lost Customers
14264,155.0,2,333.97,2,2,2,Lost Customers
13216,268.0,1,333.74,1,2,2,Lost Customers
13727,29.0,2,333.48,4,2,2,Potential Loyalists
16625,275.0,1,333.08,1,2,2,Lost Customers
14902,26.0,1,332.66,4,2,2,Potential Loyalists
13904,38.0,2,332.64,3,2,2,Other
16850,334.0,1,332.40999999999997,1,2,2,Lost Customers
16803,66.0,1,332.3,3,2,2,Other
16177,51.0,1,331.95,3,2,2,Other
16030,310.0,1,331.24,1,2,2,Lost Customers
15210,226.0,1,331.18,1,2,2,Lost Customers
16478,26.0,3,331.0,4,3,2,Potential Loyalists
12891,186.0,3,331.0,1,3,2,Other
17862,324.0,1,330.9,1,2,2,Lost Customers
15714,12.0,2,330.88,5,2,2,Potential Loyalists
13706,303.0,1,330.79,1,2,2,Lost Customers
14517,34.0,2,330.45,3,2,2,Other
15130,170.0,1,330.11,2,2,2,Lost Customers
16593,51.0,3,330.03,3,3,2,Other
12953,10.0,1,329.85,5,2,2,Potential Loyalists
14716,44.0,2,329.68,3,2,2,Other
17866,143.0,1,329.65,2,2,2,Lost Customers
17615,131.0,3,329.6,2,3,2,Other
13239,262.0,1,329.56,1,2,2,Lost Customers
17154,76.0,1,329.34,2,2,2,Lost Customers
15153,32.0,1,329.25,4,2,2,Potential Loyalists
14012,278.0,1,328.8,1,2,2,Lost Customers
16855,24.0,2,328.4,4,2,2,Potential Loyalists
15213,319.0,2,328.34999999999997,1,2,2,Lost Customers
14747,250.0,1,328.2,1,2,2,Lost Customers
14206,240.0,1,328.15999999999997,1,2,2,Lost Customers
16318,36.0,1,328.15,3,2,2,Other
15314,200.0,1,327.96999999999997,1,2,2,Lost Customers
14024,122.0,2,327.7,2,2,2,Lost Customers
16366,19.0,1,327.3,4,2,2,Potential Loyalists
14870,262.0,1,327.25,1,2,2,Lost Customers
16322,2.0,2,326.75,5,2,2,Potential Loyalists
14987,16.0,2,326.4,4,2,2,Potential Loyalists
17715,201.0,1,326.4,1,2,2,Lost Customers
16071,45.0,1,326.24,3,2,2,Other
15363,373.0,1,326.0,1,2,2,Lost Customers
12844,30.0,2,325.96,4,2,2,Potential Loyalists
16830,39.0,1,325.91,3,2,2,Other
14850,312.0,1,325.75,1,2,2,Lost Customers
15944,277.0,1,325.09999999999997,1,2,2,Lost Customers
12790,193.0,1,324.92,1,2,2,Lost Customers
13801,67.0,1,324.8,3,2,2,Other
15597,36.0,1,324.57,3,2,2,Other
18261,44.0,2,324.24,3,2,2,Other
16685,62.0,2,324.24,3,2,2,Other
14555,58.0,2,324.14,3,2,2,Other
15675,82.0,3,323.69,2,3,2,Other
17793,26.0,1,323.04,4,2,2,Potential Loyalists
16739,177.0,1,323.0,2,2,2,Lost Customers
13955,155.0,2,322.96,2,2,2,Lost Customers
16627,80.0,1,322.8,2,2,2,Lost Customers
16342,76.0,4,322.41,2,4,2,Other
14424,18.0,1,322.08,4,2,2,Potential Loyalists
15224,359.0,2,322.08,1,2,2,Lost Customers
14484,51.0,1,321.92,3,2,2,Other
14823,181.0,3,321.43,1,3,2,Other
15236,299.0,1,321.05,1,2,2,Lost Customers
18117,26.0,1,320.71999999999997,4,2,2,Potential Loyalists
16096,265.0,1,320.62,1,2,2,Lost Customers
14622,185.0,1,320.58,1,2,2,Lost Customers
13986,18.0,1,320.46,4,2,2,Potential Loyalists
16674,55.0,2,319.61,3,2,2,Other
15107,312.0,6,319.5,1,4,2,Other
16967,190.0,1,319.02,1,2,2,Lost Customers
17157,8.0,2,319.0,5,2,2,Potential Loyalists
17229,97.0,2,318.76,2,2,2,Lost Customers
17248,121.0,1,318.65,2,2,2,Lost Customers
14703,15.0,1,318.17,4,2,2,Potential Loyalists
12648,155.0,1,318.05,2,2,2,Lost Customers
18066,76.0,1,318.0,2,2,2,Lost Customers
17172,79.0,1,317.76,2,2,2,Lost Customers
17267,128.0,2,317.62,2,2,2,Lost Customers
15101,9.0,2,317.53000000000003,5,2,2,Potential Loyalists
16386,29.0,2,317.2,4,2,2,Potential Loyalists
15257,284.0,1,317.15,1,2,2,Lost Customers
15385,41.0,1,316.88,3,2,2,Other
15243,75.0,1,316.68,2,2,2,Lost Customers
16761,97.0,1,316.62,2,2,2,Lost Customers
15204,358.0,1,316.58,1,2,2,Lost Customers
17458,16.0,1,316.5,4,2,2,Potential Loyalists
13494,312.0,1,316.26,1,2,2,Lost Customers
14479,254.0,2,316.25,1,2,2,Lost Customers
16473,165.0,3,316.11,2,3,2,Other
12614,278.0,1,315.6,1,2,2,Lost Customers
15766,65.0,1,315.06,3,2,2,Other
16091,155.0,2,315.06,2,2,2,Lost Customers
17237,12.0,2,314.69,5,2,2,Potential Loyalists
16193,237.0,1,314.45,1,2,2,Lost Customers
12650,4.0,1,314.44,5,2,2,Potential Loyalists
16227,226.0,1,314.22,1,2,2,Lost Customers
15970,304.0,1,314.09999999999997,1,2,2,Lost Customers
13484,242.0,1,313.8,1,2,2,Lost Customers
16582,114.0,1,313.62,2,2,2,Lost Customers
14729,374.0,1,313.49,1,2,2,Lost Customers
13845,65.0,1,312.98,3,2,2,Other
15318,4.0,1,312.62,5,2,2,Potential Loyalists
12834,283.0,1,312.38,1,2,2,Lost Customers
17362,240.0,2,312.23,1,2,2,Lost Customers
17070,115.0,1,312.14,2,2,2,Lost Customers
12785,365.0,1,311.95,1,2,2,Lost Customers
16450,150.0,1,311.92,2,2,2,Lost Customers
14142,374.0,1,311.81,1,2,2,Lost Customers
15326,334.0,1,311.71,1,2,2,Lost Customers
14951,80.0,1,311.69,2,2,2,Lost Customers
14327,164.0,1,311.65,2,2,2,Lost Customers
12852,295.0,1,311.55,1,2,2,Lost Customers
13990,214.0,1,311.3,1,2,2,Lost Customers
17854,186.0,2,311.26,1,2,2,Lost Customers
16781,373.0,1,311.25,1,2,2,Lost Customers
13897,51.0,1,311.16,3,2,2,Other
17912,311.0,5,311.01,1,4,2,Other
17266,3.0,3,310.64,5,3,2,Potential Loyalists
15185,71.0,1,310.62,3,2,2,Other
15308,275.0,1,310.46999999999997,1,2,2,Lost Customers
14311,243.0,1,310.26,1,2,2,Lost Customers
14924,246.0,1,310.05,1,2,2,Lost Customers
15661,318.0,2,309.8,1,2,2,Lost Customers
15699,18.0,1,309.65,4,2,2,Potential Loyalists
16810,193.0,1,309.54,1,2,2,Lost Customers
14339,243.0,1,309.52,1,2,2,Lost Customers
14847,149.0,1,309.4,2,2,2,Lost Customers
17604,218.0,2,309.36,1,2,2,Lost Customers
12884,89.0,1,309.05,2,2,2,Lost Customers
13787,76.0,2,309.04,2,2,2,Lost Customers
15010,36.0,1,308.94,3,2,2,Other
16956,18.0,1,308.74,4,2,2,Potential Loyalists
13699,156.0,1,308.58,2,2,2,Lost Customers
17510,25.0,1,308.48,4,1,2,Potential Loyalists
13369,366.0,1,308.28,1,1,2,Lost Customers
13466,185.0,1,307.9,1,1,2,Lost Customers
15973,367.0,1,307.82,1,1,2,Lost Customers
16123,52.0,1,307.78,3,1,2,Other
13529,79.0,2,307.76,2,2,2,Lost Customers
13395,186.0,1,307.72,1,1,2,Lost Customers
13060,254.0,1,307.53000000000003,1,1,2,Lost Customers
14915,92.0,2,307.48,2,2,2,Lost Customers
17120,234.0,1,307.46,1,1,2,Lost Customers
13932,295.0,1,307.4,1,1,2,Lost Customers
13142,20.0,1,307.09000000000003,4,1,2,Potential Loyalists
17334,303.0,2,307.02,1,2,2,Lost Customers
15087,282.0,1,306.94,1,1,2,Lost Customers
17551,360.0,1,306.84,1,1,2,Lost Customers
16668,16.0,6,306.72,4,4,2,Loyal Customers
13762,219.0,1,306.72,1,1,2,Lost Customers
13718,247.0,2,306.55,1,2,2,Lost Customers
18059,24.0,3,306.46,4,3,2,Potential Loyalists
15659,44.0,1,306.45,3,1,2,Other
17176,202.0,1,306.13,1,1,2,Lost Customers
13863,248.0,1,305.78,1,1,2,Lost Customers
15219,177.0,1,305.75,2,1,2,Lost Customers
16796,90.0,1,305.62,2,1,2,Lost Customers
16181,74.0,1,305.54,2,1,2,Lost Customers
13045,100.0,1,305.28,2,1,2,Lost Customers
18220,227.0,1,305.28,1,1,2,Lost Customers
12623,277.0,1,305.1,1,1,2,Lost Customers
13667,150.0,1,305.02,2,1,2,Lost Customers
17941,131.0,1,304.56,2,1,2,Lost Customers
15163,19.0,2,304.46999999999997,4,2,2,Potential Loyalists
16217,236.0,2,304.25,1,2,2,Lost Customers
18185,250.0,1,304.25,1,1,2,Lost Customers
17732,373.0,1,303.97,1,1,2,Lost Customers
16400,95.0,1,303.93,2,1,2,Lost Customers
13083,5.0,2,303.75,5,2,2,Potential Loyalists
17433,89.0,1,303.16,2,1,2,Lost Customers
15060,9.0,4,303.09000000000003,5,4,2,Loyal Customers
16425,303.0,1,302.7,1,1,2,Lost Customers
14248,319.0,1,302.58,1,1,2,Lost Customers
18165,178.0,1,302.46,2,1,2,Lost Customers
16104,62.0,1,302.36,3,1,2,Other
16292,122.0,1,302.25,2,1,2,Lost Customers
17506,76.0,1,302.2,2,1,2,Lost Customers
15054,13.0,2,302.1,5,2,2,Potential Loyalists
17094,323.0,1,302.0,1,1,2,Lost Customers
16297,269.0,1,301.9,1,1,2,Lost Customers
16715,79.0,1,301.71999999999997,2,1,2,Lost Customers
15667,40.0,1,301.32,3,1,2,Other
15148,11.0,1,301.29,5,1,2,Potential Loyalists
15623,142.0,1,301.03,2,1,2,Lost Customers
13479,201.0,2,300.95,1,2,2,Lost Customers
17978,366.0,1,300.92,1,1,2,Lost Customers
16430,58.0,1,300.85,3,1,2,Other
16479,11.0,2,300.83,5,2,2,Potential Loyalists
14762,264.0,1,300.52,1,1,2,Lost Customers
13304,352.0,1,300.42,1,1,2,Lost Customers
15254,128.0,1,300.36,2,1,2,Lost Customers
13745,163.0,1,300.04,2,1,2,Lost Customers
18053,71.0,1,300.02,3,1,2,Other
16402,265.0,2,299.6,1,2,2,Lost Customers
18215,90.0,1,299.34,2,1,2,Lost Customers
17124,186.0,1,298.89,1,1,2,Lost Customers
15609,185.0,1,298.48,1,1,2,Lost Customers
17255,41.0,2,298.41,3,2,2,Other
17824,52.0,1,298.4,3,1,2,Other
17678,264.0,1,298.11,1,1,2,Lost Customers
12881,276.0,1,298.0,1,1,2,Lost Customers
15857,19.0,1,297.0,4,1,2,Potential Loyalists
13708,272.0,1,296.88,1,1,2,Lost Customers
14985,199.0,2,296.75,1,2,2,Lost Customers
17531,191.0,1,296.7,1,1,2,Lost Customers
13441,92.0,1,296.64,2,1,2,Lost Customers
15154,76.0,1,296.42,2,1,2,Lost Customers
13751,289.0,1,296.25,1,1,2,Lost Customers
13504,65.0,1,295.93,3,1,2,Other
16998,150.0,4,295.0,2,4,2,Other
13573,51.0,2,294.4,3,2,2,Other
15732,213.0,2,294.12,1,2,2,Lost Customers
17163,22.0,2,293.1,4,2,2,Potential Loyalists
12829,337.0,2,293.0,1,2,2,Lost Customers
15545,55.0,2,292.72,3,2,2,Other
16721,263.0,1,292.47,1,1,2,Lost Customers
13259,62.0,1,292.32,3,1,2,Other
13502,17.0,3,292.0,4,3,2,Potential Loyalists
13449,24.0,1,291.88,4,1,2,Potential Loyalists
13544,40.0,2,291.41,3,2,2,Other
14656,170.0,2,291.05,2,2,2,Lost Customers
14947,73.0,2,290.82,2,2,2,Lost Customers
16648,43.0,1,290.66,3,1,2,Other
15279,355.0,1,290.51,1,1,2,Lost Customers
17691,359.0,2,290.4,1,2,2,Lost Customers
16526,172.0,1,290.36,2,1,2,Lost Customers
17081,26.0,2,290.16,4,2,2,Potential Loyalists
14784,27.0,2,289.99,4,2,2,Potential Loyalists
17464,159.0,1,289.96000000000004,2,1,2,Lost Customers
14953,26.0,1,289.82,4,1,2,Potential Loyalists
16897,300.0,2,289.78000000000003,1,2,2,Lost Customers
14162,174.0,2,289.36,2,2,2,Lost Customers
16125,368.0,1,289.35,1,1,2,Lost Customers
14549,312.0,1,289.24,1,1,2,Lost Customers
17501,221.0,2,288.6,1,2,2,Lost Customers
16808,100.0,2,288.42,2,2,2,Lost Customers
15396,113.0,1,288.18,2,1,2,Lost Customers
17977,30.0,1,288.14,4,1,2,Potential Loyalists
17080,23.0,2,287.62,4,2,2,Potential Loyalists
17760,22.0,2,287.59,4,2,2,Potential Loyalists
16432,65.0,1,287.4,3,1,2,Other
13760,55.0,2,286.79,3,2,2,Other
16555,36.0,2,285.89,3,2,2,Other
14660,87.0,2,285.74,2,2,2,Lost Customers
17636,20.0,1,285.56,4,1,2,Potential Loyalists
16429,107.0,1,284.55,2,1,2,Lost Customers
18190,193.0,2,284.46,1,2,2,Lost Customers
13121,270.0,1,283.73,1,1,2,Lost Customers
13439,256.0,1,283.71,1,1,2,Lost Customers
12703,72.0,1,283.55,3,1,2,Other
17783,73.0,2,283.47,2,2,2,Lost Customers
17251,363.0,1,283.28,1,1,2,Lost Customers
18270,39.0,2,283.15000000000003,3,2,2,Other
17694,142.0,1,283.12,2,1,2,Lost Customers
14350,275.0,1,282.93,1,1,2,Lost Customers
13754,152.0,2,282.6,2,2,2,Lost Customers
13177,65.0,1,282.45,3,1,2,Other
17247,16.0,1,282.19,4,1,2,Potential Loyalists
16557,25.0,2,281.85,4,2,2,Potential Loyalists
17403,37.0,1,281.62,3,1,2,Other
16848,53.0,1,281.42,3,1,2,Other
14242,235.0,2,280.55,1,2,2,Lost Customers
13606,30.0,3,280.54,4,3,2,Potential Loyalists
16149,5.0,2,280.52,5,2,2,Potential Loyalists
14975,58.0,1,279.94,3,1,2,Other
15556,25.0,1,279.77,4,1,2,Potential Loyalists
14480,12.0,1,279.05,5,1,2,Potential Loyalists
17786,86.0,2,278.74,2,2,2,Lost Customers
14764,47.0,1,278.3,3,1,2,Other
14908,75.0,1,277.8,2,1,2,Lost Customers
17968,374.0,1,277.35,1,1,2,Lost Customers
13803,256.0,1,277.07,1,1,2,Lost Customers
15355,30.0,2,277.05,4,2,2,Potential Loyalists
16883,188.0,2,276.73,1,2,2,Lost Customers
13272,32.0,2,276.56,4,2,2,Potential Loyalists
14508,23.0,2,276.42,4,2,2,Potential Loyalists
12750,129.0,1,275.88,2,1,2,Lost Customers
14512,188.0,2,275.28,1,2,2,Lost Customers
16313,4.0,2,274.15,5,2,2,Potential Loyalists
16727,365.0,1,272.82,1,1,2,Lost Customers
17254,5.0,2,272.44,5,2,2,Potential Loyalists
17498,76.0,1,272.21999999999997,2,1,2,Lost Customers
14819,65.0,2,272.07,3,2,2,Other
13917,50.0,2,272.04,3,2,2,Other
14816,198.0,1,271.85,1,1,2,Lost Customers
13058,25.0,3,271.40000000000003,4,3,2,Potential Loyalists
13837,212.0,2,271.24,1,2,2,Lost Customers
17767,16.0,1,271.2,4,1,2,Potential Loyalists
17496,359.0,1,271.05,1,1,2,Lost Customers
18108,255.0,1,271.0,1,1,2,Lost Customers
17011,31.0,1,270.9,4,1,2,Potential Loyalists
15774,69.0,1,270.8,3,1,2,Other
13533,183.0,3,270.79,1,3,2,Other
14520,2.0,2,270.6,5,2,2,Potential Loyalists
13242,113.0,3,270.40000000000003,2,3,2,Other
12558,8.0,1,269.96,5,1,2,Potential Loyalists
14727,275.0,1,268.58,1,1,2,Lost Customers
15408,265.0,1,267.18,1,1,2,Lost Customers
17550,198.0,3,267.16,1,3,2,Other
15320,45.0,1,267.13,3,1,2,Other
17708,188.0,2,267.08,1,2,2,Lost Customers
15517,234.0,1,267.03,1,1,2,Lost Customers
16451,88.0,1,266.96999999999997,2,1,2,Lost Customers
14863,30.0,1,266.76,4,1,2,Potential Loyalists
15119,246.0,1,266.4,1,1,2,Lost Customers
12962,8.0,2,266.39,5,2,2,Potential Loyalists
15019,267.0,1,266.0,1,1,2,Lost Customers
14068,321.0,1,265.85,1,1,2,Lost Customers
17430,33.0,2,265.76,4,2,2,Potential Loyalists
14423,219.0,1,265.2,1,1,2,Lost Customers
13973,288.0,1,264.7,1,1,2,Lost Customers
15912,179.0,2,264.62,2,2,2,Lost Customers
14452,11.0,2,264.44,5,2,2,Potential Loyalists
15894,254.0,2,263.55,1,2,2,Lost Customers
12492,64.0,2,263.21,3,2,2,Other
16936,26.0,1,262.68,4,1,2,Potential Loyalists
17194,274.0,2,262.62,1,2,2,Lost Customers
16413,57.0,1,262.2,3,1,2,Other
17385,15.0,1,261.11,4,1,2,Potential Loyalists
13189,19.0,2,260.68,4,2,2,Potential Loyalists
14053,125.0,2,260.25,2,2,2,Lost Customers
15014,44.0,2,260.17,3,2,2,Other
15143,226.0,1,259.45,1,1,2,Lost Customers
17125,51.0,1,259.35,3,1,2,Other
13127,78.0,1,259.17,2,1,2,Lost Customers
16447,136.0,1,259.01,2,1,2,Lost Customers
15577,152.0,3,258.88,2,3,2,Other
13277,16.0,4,258.4,4,4,2,Loyal Customers
13227,202.0,1,257.7,1,1,2,Lost Customers
14375,186.0,1,257.68,1,1,2,Lost Customers
18009,236.0,1,257.34,1,1,2,Lost Customers
13626,253.0,1,257.23,1,1,2,Lost Customers
16048,374.0,2,256.44,1,2,2,Lost Customers
12430,44.0,1,256.4,3,1,2,Other
13806,64.0,1,256.38,3,1,2,Other
17896,24.0,1,256.32,4,1,2,Potential Loyalists
15277,47.0,1,255.9,3,1,2,Other
14761,59.0,2,255.9,3,2,2,Other
14881,20.0,1,255.4,4,1,2,Potential Loyalists
16226,204.0,3,255.12,1,3,2,Other
15261,136.0,1,254.82,2,1,2,Lost Customers
12604,80.0,2,254.18,2,2,2,Lost Customers
14765,30.0,3,254.11,4,3,2,Potential Loyalists
15689,120.0,2,254.1,2,2,2,Lost Customers
12797,366.0,1,254.03,1,1,2,Lost Customers
15759,219.0,3,253.04,1,3,2,Other
17860,369.0,1,252.8,1,1,2,Lost Customers
15035,90.0,1,252.73,2,1,2,Lost Customers
13404,2.0,2,252.49,5,2,2,Potential Loyalists
15346,333.0,1,252.42,1,1,2,Lost Customers
13645,121.0,1,252.1,2,1,2,Lost Customers
13711,219.0,2,252.06,1,2,2,Lost Customers
16330,18.0,3,251.91,4,3,2,Potential Loyalists
16836,40.0,2,251.87,3,2,2,Other
17155,18.0,2,251.7,4,2,2,Potential Loyalists
16976,268.0,1,251.51999999999998,1,1,2,Lost Customers
16024,13.0,1,251.24,5,1,2,Potential Loyalists
14501,184.0,2,251.21,1,2,2,Lost Customers
13512,261.0,1,251.21,1,1,2,Lost Customers
13207,16.0,2,250.26000000000002,4,2,2,Potential Loyalists
16596,16.0,2,250.15,4,2,1,Potential Loyalists
17303,362.0,1,250.04,1,1,1,Lost Customers
15510,331.0,1,250.0,1,1,1,Lost Customers
17456,366.0,1,249.85999999999999,1,1,1,Lost Customers
18005,4.0,2,249.72,5,2,1,Potential Loyalists
16124,318.0,1,249.0,1,1,1,Lost Customers
17111,48.0,1,248.60999999999999,3,1,1,Other
13061,73.0,1,248.60999999999999,2,1,1,Lost Customers
18212,327.0,1,248.42,1,1,1,Lost Customers
16510,373.0,1,248.1,1,1,1,Lost Customers
15097,5.0,1,248.07999999999998,5,1,1,Potential Loyalists
13592,36.0,4,247.96,3,4,1,Loyal Customers
18072,186.0,1,247.44,1,1,1,Lost Customers
13349,11.0,1,247.32,5,1,1,Potential Loyalists
14658,6.0,2,247.15,5,2,1,Potential Loyalists
17051,195.0,1,247.14,1,1,1,Lost Customers
15783,11.0,1,246.29999999999998,5,1,1,Potential Loyalists
17278,242.0,1,246.04,1,1,1,Lost Customers
16778,75.0,2,245.94,2,2,1,Lost Customers
17771,57.0,2,245.81,3,2,1,Other
12660,12.0,1,245.1,5,1,1,Potential Loyalists
16601,41.0,1,244.8,3,1,1,Other
15118,135.0,1,244.8,2,1,1,Lost Customers
16528,4.0,1,244.41,5,1,1,Potential Loyalists
17892,57.0,3,244.1,3,3,1,Other
17925,373.0,1,244.08,1,1,1,Lost Customers
13103,40.0,1,243.94,3,1,1,Other
16793,58.0,1,243.84,3,1,1,Other
18193,166.0,1,243.76,2,1,1,Lost Customers
13886,72.0,1,243.56,3,1,1,Other
15634,18.0,1,243.55,4,1,1,Potential Loyalists
17339,95.0,2,243.35999999999999,2,2,1,Lost Customers
17908,374.0,1,243.28,1,1,1,Lost Customers
14647,202.0,1,243.22,1,1,1,Lost Customers
16215,81.0,1,242.35,2,1,1,Lost Customers
15776,134.0,1,241.62,2,1,1,Lost Customers
14523,109.0,1,241.09,2,1,1,Lost Customers
16427,264.0,2,241.06,1,2,1,Lost Customers
15598,54.0,1,240.68,3,1,1,Other
15286,50.0,1,240.55,3,1,1,Other
13565,20.0,2,240.22,4,2,1,Potential Loyalists
17256,108.0,2,240.0,2,2,1,Lost Customers
17181,58.0,2,239.92,3,2,1,Other
15690,5.0,2,239.76,5,2,1,Potential Loyalists
13570,244.0,1,239.49,1,1,1,Lost Customers
17684,44.0,1,239.41,3,1,1,Other
16756,215.0,1,239.4,1,1,1,Lost Customers
15850,20.0,2,238.85,4,2,1,Potential Loyalists
12561,303.0,1,238.85,1,1,1,Lost Customers
12718,72.0,1,238.25,3,1,1,Other
17877,171.0,1,237.60999999999999,2,1,1,Lost Customers
14586,277.0,1,237.35999999999999,1,1,1,Lost Customers
15457,263.0,1,237.07,1,1,1,Lost Customers
18110,20.0,1,236.3,4,1,1,Potential Loyalists
12732,180.0,1,236.26000000000002,1,1,1,Lost Customers
16026,44.0,1,236.09,3,1,1,Other
13187,338.0,1,236.02,1,1,1,Lost Customers
15462,95.0,3,234.6,2,3,1,Other
14473,75.0,2,234.34,2,2,1,Lost Customers
17060,267.0,1,234.23999999999998,1,1,1,Lost Customers
16961,117.0,1,234.17,2,1,1,Lost Customers
12736,333.0,1,234.0,1,1,1,Lost Customers
15483,162.0,4,233.81,2,4,1,Other
13348,65.0,1,233.76,3,1,1,Other
16583,374.0,1,233.45,1,1,1,Lost Customers
14995,39.0,2,233.23,3,2,1,Other
16302,127.0,1,233.22,2,1,1,Lost Customers
13678,152.0,1,232.6,2,1,1,Lost Customers
18213,237.0,1,232.48,1,1,1,Lost Customers
16117,190.0,1,232.21,1,1,1,Lost Customers
15393,17.0,2,231.85999999999999,4,2,1,Potential Loyalists
16641,106.0,1,231.1,2,1,1,Lost Customers
18030,5.0,2,230.64999999999998,5,2,1,Potential Loyalists
15866,102.0,1,230.53,2,1,1,Lost Customers
16445,34.0,1,230.51,3,1,1,Other
13786,368.0,1,230.4,1,1,1,Lost Customers
16926,372.0,1,230.25,1,1,1,Lost Customers
13960,22.0,2,230.22,4,2,1,Potential Loyalists
12812,45.0,1,229.64,3,1,1,Other
13474,237.0,1,229.59,1,1,1,Lost Customers
13008,324.0,1,229.47,1,1,1,Lost Customers
15528,255.0,1,229.33,1,1,1,Lost Customers
14793,22.0,1,228.99,4,1,1,Potential Loyalists
17347,87.0,1,228.96,2,1,1,Lost Customers
13146,27.0,1,228.91,4,1,1,Potential Loyalists
13712,247.0,1,228.84,1,1,1,Lost Customers
13070,193.0,1,228.8,1,1,1,Lost Customers
17969,167.0,2,228.2,2,2,1,Lost Customers
16527,82.0,1,228.06,2,1,1,Lost Customers
14569,2.0,1,227.39000000000001,5,1,1,Potential Loyalists
17212,254.0,1,226.85,1,1,1,Lost Customers
17572,72.0,4,226.75,2,4,1,Other
16315,331.0,1,226.37,1,1,1,Lost Customers
16777,81.0,2,226.35,2,2,1,Lost Customers
16619,264.0,1,226.21,1,1,1,Lost Customers
17789,282.0,1,225.9,1,1,1,Lost Customers
12672,330.0,1,225.9,1,1,1,Lost Customers
14624,58.0,2,225.85,3,2,1,Other
14357,44.0,1,225.77,3,1,1,Other
12402,324.0,1,225.6,1,1,1,Lost Customers
16690,73.0,2,225.58,2,2,1,Lost Customers
14052,20.0,1,225.36,4,1,1,Potential Loyalists
16587,233.0,1,225.15,1,1,1,Lost Customers
17171,290.0,1,224.91,1,1,1,Lost Customers
15175,72.0,1,224.14,3,1,1,Other
16471,275.0,1,223.95,1,1,1,Lost Customers
16753,59.0,1,223.92000000000002,3,1,1,Other
14929,33.0,1,223.88,4,1,1,Potential Loyalists
13926,24.0,1,223.85,4,1,1,Potential Loyalists
18101,12.0,2,223.65,5,2,1,Potential Loyalists
17534,54.0,1,223.36,3,1,1,Other
15637,53.0,1,223.35999999999999,3,1,1,Other
13382,281.0,1,222.99,1,1,1,Lost Customers
15897,195.0,2,222.05,1,2,1,Lost Customers
14598,45.0,1,221.97,3,1,1,Other
14960,9.0,2,221.27,5,2,1,Potential Loyalists
16392,270.0,1,221.19,1,1,1,Lost Customers
13419,64.0,1,221.06,3,1,1,Other
15790,11.0,1,220.85,5,1,1,Potential Loyalists
16482,16.0,1,220.62,4,1,1,Potential Loyalists
13079,5.0,5,220.1,5,4,1,Loyal Customers
18114,291.0,1,220.1,1,1,1,Lost Customers
13600,313.0,1,219.52,1,1,1,Lost Customers
15096,43.0,1,219.39,3,1,1,Other
16895,65.0,1,219.14000000000001,3,1,1,Other
12702,20.0,1,219.0,4,1,1,Potential Loyalists
13669,51.0,2,218.54999999999998,3,2,1,Other
17619,313.0,1,218.52,1,1,1,Lost Customers
13428,11.0,1,218.47,5,1,1,Potential Loyalists
12574,316.0,1,218.45,1,1,1,Lost Customers
15724,202.0,2,218.25,1,2,1,Lost Customers
14570,281.0,2,218.06,1,2,1,Lost Customers
16634,223.0,2,217.9,1,2,1,Lost Customers
13271,38.0,1,217.38,3,1,1,Other
15554,278.0,1,217.2,1,1,1,Lost Customers
16080,82.0,2,217.16,2,2,1,Lost Customers
13739,19.0,1,216.9,4,1,1,Potential Loyalists
13503,72.0,1,216.85,3,1,1,Other
15460,355.0,1,216.76,1,1,1,Lost Customers
12897,205.0,2,216.5,1,2,1,Lost Customers
15604,53.0,1,216.39,3,1,1,Other
17436,2.0,2,216.3,5,2,1,Potential Loyalists
14104,155.0,2,216.21,2,2,1,Lost Customers
13858,58.0,1,216.17000000000002,3,1,1,Other
16179,61.0,1,215.83,3,1,1,Other
15052,320.0,1,215.78,1,1,1,Lost Customers
17580,253.0,3,215.72,1,3,1,Other
14476,258.0,1,215.7,1,1,1,Lost Customers
16189,16.0,2,215.48,4,2,1,Potential Loyalists
16519,26.0,2,215.08,4,2,1,Potential Loyalists
16190,41.0,1,215.07999999999998,3,1,1,Other
12831,263.0,1,215.05,1,1,1,Lost Customers
12588,40.0,1,214.9,3,1,1,Other
16338,158.0,1,214.8,2,1,1,Lost Customers
16411,20.0,2,214.65,4,2,1,Potential Loyalists
16846,51.0,1,214.32,3,1,1,Other
16647,170.0,2,214.06,2,2,1,Lost Customers
14601,11.0,1,213.96,5,1,1,Potential Loyalists
13621,117.0,1,213.85,2,1,1,Lost Customers
17153,25.0,1,213.78,4,1,1,Potential Loyalists
14241,184.0,1,213.7,1,1,1,Lost Customers
13411,108.0,1,213.54999999999998,2,1,1,Lost Customers
16591,69.0,1,213.5,3,1,1,Other
15540,12.0,1,213.3,5,1,1,Potential Loyalists
14984,20.0,2,213.27,4,2,1,Potential Loyalists
17928,46.0,2,212.54,3,2,1,Other
16017,48.0,1,211.88,3,1,1,Other
16356,198.0,3,211.77,1,3,1,Other
15703,265.0,1,211.5,1,1,1,Lost Customers
12995,86.0,1,211.32,2,1,1,Lost Customers
16415,45.0,1,210.35,3,1,1,Other
13532,34.0,1,210.31,3,1,1,Other
13828,23.0,1,209.49,4,1,1,Potential Loyalists
17855,373.0,1,208.97,1,1,1,Lost Customers
15327,53.0,1,208.75,3,1,1,Other
17514,129.0,1,208.65,2,1,1,Lost Customers
16914,37.0,1,208.46,3,1,1,Other
16457,219.0,1,208.36,1,1,1,Lost Customers
12547,198.0,2,207.8,1,2,1,Lost Customers
18191,262.0,1,207.8,1,1,1,Lost Customers
16866,141.0,3,207.74,2,3,1,Other
16323,197.0,1,207.5,1,1,1,Lost Customers
17923,283.0,1,207.5,1,1,1,Lost Customers
16752,373.0,1,207.5,1,1,1,Lost Customers
13099,100.0,1,207.36,2,1,1,Lost Customers
15925,195.0,1,207.15,1,1,1,Lost Customers
15820,320.0,1,206.98,1,1,1,Lost Customers
18126,61.0,1,206.83,3,1,1,Other
17166,39.0,2,206.34,3,2,1,Other
14964,248.0,1,206.21,1,1,1,Lost Customers
13065,374.0,1,205.85999999999999,1,1,1,Lost Customers
17670,228.0,1,205.7,1,1,1,Lost Customers
17843,304.0,1,205.48,1,1,1,Lost Customers
15307,96.0,1,205.3,2,1,1,Lost Customers
15758,25.0,1,205.25,4,1,1,Potential Loyalists
13513,127.0,1,205.1,2,1,1,Lost Customers
15319,284.0,1,204.5,1,1,1,Lost Customers
17206,54.0,1,204.24,3,1,1,Other
18273,3.0,3,204.0,5,3,1,Potential Loyalists
13017,8.0,1,204.0,5,1,1,Potential Loyalists
17187,227.0,1,203.95,1,1,1,Lost Customers
17889,213.0,2,203.87,1,2,1,Lost Customers
17394,220.0,1,203.87,1,1,1,Lost Customers
17891,163.0,1,203.85999999999999,2,1,1,Lost Customers
17376,71.0,2,203.2,3,2,1,Other
15723,365.0,1,203.1,1,1,1,Lost Customers
14381,53.0,1,202.68,3,1,1,Other
18169,61.0,1,202.65,3,1,1,Other
14385,10.0,3,202.11,5,3,1,Potential Loyalists
15347,367.0,1,201.6,1,1,1,Lost Customers
13295,360.0,1,201.2,1,1,1,Lost Customers
16965,227.0,1,201.19,1,1,1,Lost Customers
13284,331.0,1,201.19,1,1,1,Lost Customers
13859,327.0,1,201.16,1,1,1,Lost Customers
17988,12.0,7,201.12,5,5,1,Loyal Customers
17693,138.0,1,200.47,2,1,1,Lost Customers
13262,264.0,1,200.29,1,1,1,Lost Customers
15437,263.0,1,200.16,1,1,1,Lost Customers
13980,61.0,1,200.14,3,1,1,Other
14782,320.0,1,200.1,1,1,1,Lost Customers
13723,218.0,1,199.85,1,1,1,Lost Customers
15593,71.0,1,199.8,3,1,1,Other
13322,18.0,1,199.48,4,1,1,Potential Loyalists
17383,5.0,1,199.29,5,1,1,Potential Loyalists
16832,185.0,3,199.15,1,3,1,Other
17987,186.0,1,198.57,1,1,1,Lost Customers
16178,139.0,1,197.9,2,1,1,Lost Customers
12450,157.0,2,197.88,2,2,1,Lost Customers
12581,40.0,1,197.71,3,1,1,Other
14185,332.0,1,197.65,1,1,1,Lost Customers
14789,29.0,1,197.64,4,1,1,Potential Loyalists
17301,22.0,1,197.63,4,1,1,Potential Loyalists
16829,157.0,1,197.22,2,1,1,Lost Customers
14830,54.0,1,197.13,3,1,1,Other
15234,277.0,1,197.0,1,1,1,Lost Customers
12586,18.0,1,196.94,4,1,1,Potential Loyalists
13436,2.0,1,196.89,5,1,1,Potential Loyalists
15746,135.0,1,196.88,2,1,1,Lost Customers
13978,15.0,2,196.79,4,2,1,Potential Loyalists
17660,142.0,1,196.0,2,1,1,Lost Customers
16112,144.0,4,195.74,2,4,1,Other
13792,67.0,2,195.55,3,2,1,Other
17010,19.0,1,195.35999999999999,4,1,1,Potential Loyalists
14666,25.0,1,195.25,4,1,1,Potential Loyalists
15612,37.0,2,195.15,3,2,1,Other
14100,138.0,1,194.9,2,1,1,Lost Customers
16887,36.0,1,194.88,3,1,1,Other
14087,3.0,1,194.42,5,1,1,Potential Loyalists
17475,80.0,1,194.37,2,1,1,Lost Customers
15683,118.0,1,193.75,2,1,1,Lost Customers
17343,356.0,1,193.64000000000001,1,1,1,Lost Customers
15198,93.0,2,193.64,2,2,1,Lost Customers
16847,44.0,1,193.44,3,1,1,Other
17608,34.0,2,193.42,3,2,1,Other
14806,76.0,1,193.39,2,1,1,Lost Customers
14801,62.0,1,193.14,3,1,1,Other
13568,174.0,1,192.85,2,1,1,Lost Customers
12522,40.0,2,192.72,3,2,1,Other
14768,18.0,2,192.6,4,2,1,Potential Loyalists
12791,374.0,1,192.6,1,1,1,Lost Customers
15909,174.0,1,191.94,2,1,1,Lost Customers
17904,22.0,1,191.67000000000002,4,1,1,Potential Loyalists
14966,15.0,1,191.32,4,1,1,Potential Loyalists
15692,29.0,1,191.04,4,1,1,Potential Loyalists
17233,36.0,1,190.88,3,1,1,Other
13033,358.0,1,190.55,1,1,1,Lost Customers
15412,172.0,1,190.53,2,1,1,Lost Customers
13972,71.0,2,190.25,3,2,1,Other
17885,13.0,1,190.19,5,1,1,Potential Loyalists
12361,288.0,1,189.9,1,1,1,Lost Customers
13826,177.0,1,189.5,2,1,1,Lost Customers
13663,180.0,1,189.47,1,1,1,Lost Customers
18045,46.0,1,189.4,3,1,1,Other
16448,199.0,1,188.89,1,1,1,Lost Customers
14697,219.0,2,188.61,1,2,1,Lost Customers
12893,31.0,1,188.14,4,1,1,Potential Loyalists
17781,160.0,2,188.02,2,2,1,Lost Customers
14722,148.0,1,187.92,2,1,1,Lost Customers
17279,58.0,1,187.83,3,1,1,Other
18013,156.0,2,187.29,2,2,1,Lost Customers
17440,157.0,3,186.42,2,3,1,Other
13672,302.0,2,186.39000000000001,1,2,1,Lost Customers
14551,19.0,2,186.23,4,2,1,Potential Loyalists
15567,19.0,1,186.01,4,1,1,Potential Loyalists
12641,116.0,1,185.9,2,1,1,Lost Customers
17574,243.0,1,185.65,1,1,1,Lost Customers
14199,219.0,1,185.39999999999998,1,1,1,Lost Customers
16097,241.0,1,185.04999999999998,1,1,1,Lost Customers
13482,233.0,1,184.64000000000001,1,1,1,Lost Customers
17680,24.0,1,184.4,4,1,1,Potential Loyalists
16433,29.0,1,184.26,4,1,1,Potential Loyalists
15124,23.0,2,184.19,4,2,1,Potential Loyalists
14326,243.0,1,183.85,1,1,1,Lost Customers
16680,44.0,1,183.7,3,1,1,Other
14059,267.0,1,183.6,1,1,1,Lost Customers
13460,30.0,2,183.44,4,2,1,Potential Loyalists
13059,250.0,1,183.4,1,1,1,Lost Customers
17772,11.0,2,182.77,5,2,1,Potential Loyalists
14082,365.0,1,182.25,1,1,1,Lost Customers
18119,368.0,1,181.12,1,1,1,Lost Customers
15886,61.0,1,181.09,3,1,1,Other
16594,76.0,1,181.09,2,1,1,Lost Customers
15945,366.0,1,181.0,1,1,1,Lost Customers
15292,202.0,1,180.94,1,1,1,Lost Customers
16835,129.0,2,180.85,2,2,1,Lost Customers
18280,278.0,1,180.6,1,1,1,Lost Customers
13710,32.0,1,180.48,4,1,1,Potential Loyalists
15041,171.0,1,180.35,2,1,1,Lost Customers
13598,48.0,1,180.17000000000002,3,1,1,Other
12622,233.0,1,180.1,1,1,1,Lost Customers
18147,46.0,2,179.34,3,2,1,Other
15895,150.0,1,179.17,2,1,1,Lost Customers
15454,363.0,1,179.1,1,1,1,Lost Customers
14705,199.0,1,179.0,1,1,1,Lost Customers
16990,219.0,1,179.0,1,1,1,Lost Customers
16620,4.0,2,178.96,5,2,1,Potential Loyalists
15139,240.0,2,178.95999999999998,1,2,1,Lost Customers
15262,324.0,1,178.95,1,1,1,Lost Customers
13778,104.0,1,178.7,2,1,1,Lost Customers
17879,174.0,1,178.52,2,1,1,Lost Customers
17253,19.0,1,178.26,4,1,1,Potential Loyalists
17356,312.0,1,178.22,1,1,1,Lost Customers
18282,8.0,2,178.05,5,2,1,Potential Loyalists
16403,313.0,1,177.5,1,1,1,Lost Customers
13618,174.0,1,177.34,2,1,1,Lost Customers
12618,22.0,1,177.31,4,1,1,Potential Loyalists
13072,267.0,1,177.15,1,1,1,Lost Customers
12923,65.0,1,176.97,3,1,1,Other
17947,38.0,1,176.68,3,1,1,Other
14287,9.0,3,176.63,5,3,1,Potential Loyalists
12509,285.0,1,176.5,1,1,1,Lost Customers
18274,31.0,1,175.92,4,1,1,Potential Loyalists
17582,237.0,1,175.27,1,1,1,Lost Customers
17331,124.0,1,175.2,2,1,1,Lost Customers
16144,247.0,1,175.2,1,1,1,Lost Customers
18010,257.0,1,174.8,1,1,1,Lost Customers
14355,366.0,1,174.4,1,1,1,Lost Customers
13560,8.0,1,174.37,5,1,1,Potential Loyalists
14518,65.0,1,174.37,3,1,1,Other
15335,54.0,1,173.97,3,1,1,Other
18278,74.0,1,173.9,2,1,1,Lost Customers
16861,60.0,2,173.76,3,2,1,Other
14798,53.0,3,173.74,3,3,1,Other
16565,365.0,1,173.7,1,1,1,Lost Customers
12441,367.0,1,173.55,1,1,1,Lost Customers
15565,51.0,2,173.16,3,2,1,Other
15670,297.0,1,173.05,1,1,1,Lost Customers
14693,265.0,1,172.9,1,1,1,Lost Customers
18048,204.0,2,172.29,1,2,1,Lost Customers
13690,60.0,1,172.25,3,1,1,Other
13922,352.0,1,172.25,1,1,1,Lost Customers
12442,4.0,1,172.06,5,1,1,Potential Loyalists
14536,260.0,1,171.8,1,1,1,Lost Customers
16773,58.0,1,171.59,3,1,1,Other
17245,205.0,1,171.45000000000002,1,1,1,Lost Customers
15432,24.0,1,171.19,4,1,1,Potential Loyalists
17542,270.0,1,170.75,1,1,1,Lost Customers
14860,20.0,1,170.32,4,1,1,Potential Loyalists
18058,10.0,1,170.16,5,1,1,Potential Loyalists
15016,173.0,1,170.04,2,1,1,Lost Customers
16921,62.0,1,169.79,3,1,1,Other
13962,22.0,2,169.54999999999998,4,2,1,Potential Loyalists
14218,43.0,1,169.48,3,1,1,Other
18004,363.0,1,169.47,1,1,1,Lost Customers
12367,5.0,1,168.9,5,1,1,Potential Loyalists
14578,4.0,1,168.63,5,1,1,Potential Loyalists
18269,367.0,1,168.6,1,1,1,Lost Customers
17367,239.0,1,168.4,1,1,1,Lost Customers
15888,81.0,1,168.31,2,1,1,Lost Customers
18099,128.0,1,168.31,2,1,1,Lost Customers
16282,340.0,1,168.3,1,1,1,Lost Customers
17737,10.0,2,168.24,5,2,1,Potential Loyalists
15986,31.0,1,168.12,4,1,1,Potential Loyalists
15374,129.0,1,168.0,2,1,1,Lost Customers
12551,358.0,1,168.0,1,1,1,Lost Customers
18088,62.0,1,167.67,3,1,1,Other
17561,20.0,1,167.62,4,1,1,Potential Loyalists
16952,110.0,2,167.60999999999999,2,2,1,Lost Customers
15920,155.0,4,167.5,2,4,1,Other
16405,303.0,2,167.25,1,2,1,Lost Customers
18014,29.0,1,166.42,4,1,1,Potential Loyalists
14295,41.0,1,166.2,3,1,1,Other
17650,22.0,1,166.07999999999998,4,1,1,Potential Loyalists
12817,282.0,1,166.04,1,1,1,Lost Customers
14485,39.0,1,165.75,3,1,1,Other
14552,152.0,1,165.07,2,1,1,Lost Customers
18042,54.0,1,165.05,3,1,1,Other
13470,100.0,2,165.0,2,2,1,Lost Customers
15316,327.0,1,165.0,1,1,1,Lost Customers
15904,9.0,1,164.68,5,1,1,Potential Loyalists
17535,281.0,1,164.4,1,1,1,Lost Customers
13603,27.0,1,164.34,4,1,1,Potential Loyalists
12920,18.0,1,164.23,4,1,1,Potential Loyalists
18200,107.0,1,163.8,2,1,1,Lost Customers
14354,6.0,2,163.62,5,2,1,Potential Loyalists
17110,166.0,1,163.29999999999998,2,1,1,Lost Customers
13223,201.0,2,163.2,1,2,1,Lost Customers
16406,19.0,1,163.07,4,1,1,Potential Loyalists
15167,321.0,1,163.0,1,1,1,Lost Customers
16517,278.0,1,162.7,1,1,1,Lost Customers
15733,283.0,1,162.3,1,1,1,Lost Customers
15325,104.0,1,162.29,2,1,1,Lost Customers
16932,54.0,1,161.94,3,1,1,Other
17600,18.0,1,161.67,4,1,1,Potential Loyalists
15458,26.0,1,161.64,4,1,1,Potential Loyalists
16113,184.0,1,161.38,1,1,1,Lost Customers
14362,23.0,1,161.2,4,1,1,Potential Loyalists
14204,3.0,1,161.03,5,1,1,Potential Loyalists
14089,57.0,1,161.0,3,1,1,Other
14237,374.0,1,161.0,1,1,1,Lost Customers
13229,226.0,1,160.95,1,1,1,Lost Customers
15852,187.0,2,160.71,1,2,1,Lost Customers
17344,47.0,1,160.57,3,1,1,Other
12573,228.0,1,160.54,1,1,1,Lost Customers
18203,158.0,1,160.42,2,1,1,Lost Customers
18146,141.0,2,160.35,2,2,1,Lost Customers
14714,25.0,1,160.19,4,1,1,Potential Loyalists
12966,10.0,1,160.18,5,1,1,Potential Loyalists
13420,150.0,2,159.85,2,2,1,Lost Customers
16213,79.0,1,159.0,2,1,1,Lost Customers
18224,264.0,1,158.95,1,1,1,Lost Customers
13937,170.0,1,158.85,2,1,1,Lost Customers
17165,285.0,1,158.68,1,1,1,Lost Customers
15160,358.0,1,158.16,1,1,1,Lost Customers
15348,73.0,1,158.04,2,1,1,Lost Customers
15988,20.0,1,158.03,4,1,1,Potential Loyalists
17556,206.0,1,157.9,1,1,1,Lost Customers
14799,52.0,1,157.7,3,1,1,Other
14148,234.0,1,157.2,1,1,1,Lost Customers
17128,335.0,1,157.09,1,1,1,Lost Customers
14585,51.0,1,157.05,3,1,1,Other
17118,318.0,1,157.02,1,1,1,Lost Customers
15007,160.0,1,156.91,2,1,1,Lost Customers
14406,120.0,1,156.75,2,1,1,Lost Customers
15438,132.0,1,156.58,2,1,1,Lost Customers
15263,107.0,1,156.51,2,1,1,Lost Customers
13898,326.0,1,155.93,1,1,1,Lost Customers
17871,205.0,1,155.9,1,1,1,Lost Customers
17899,160.0,1,155.8,2,1,1,Lost Customers
14813,370.0,2,155.43,1,2,1,Lost Customers
17832,50.0,1,155.37,3,1,1,Other
12738,373.0,1,155.35,1,1,1,Lost Customers
16720,27.0,1,155.24,4,1,1,Potential Loyalists
15447,331.0,1,155.17,1,1,1,Lost Customers
13809,306.0,1,155.05,1,1,1,Lost Customers
14368,320.0,1,155.0,1,1,1,Lost Customers
14046,285.0,1,154.99,1,1,1,Lost Customers
17698,261.0,1,154.95,1,1,1,Lost Customers
15740,50.0,1,154.88,3,1,1,Other
17026,186.0,2,154.83,1,2,1,Lost Customers
15226,311.0,1,154.41,1,1,1,Lost Customers
17517,309.0,1,153.94,1,1,1,Lost Customers
17286,22.0,1,153.92,4,1,1,Potential Loyalists
16351,333.0,1,153.9,1,1,1,Lost Customers
12602,59.0,1,153.12,3,1,1,Other
17714,321.0,1,153.0,1,1,1,Lost Customers
16248,62.0,1,152.94,3,1,1,Other
17984,146.0,1,152.68,2,1,1,Lost Customers
18138,296.0,1,152.65,1,1,1,Lost Customers
14066,267.0,1,152.55,1,1,1,Lost Customers
17707,186.0,2,152.4,1,2,1,Lost Customers
14039,34.0,1,152.2,3,1,1,Other
13514,74.0,1,152.2,2,1,1,Lost Customers
17898,86.0,2,152.06,2,2,1,Lost Customers
16617,236.0,1,151.85,1,1,1,Lost Customers
16412,54.0,1,151.83,3,1,1,Other
14208,95.0,1,151.74,2,1,1,Lost Customers
13462,253.0,1,151.5,1,1,1,Lost Customers
16461,178.0,1,151.42,2,1,1,Lost Customers
13697,39.0,1,151.3,3,1,1,Other
16337,37.0,1,151.05,3,1,1,Other
14073,33.0,1,151.04,4,1,1,Potential Loyalists
15717,235.0,1,150.3,1,1,1,Lost Customers
17234,183.0,1,149.89000000000001,1,1,1,Lost Customers
15869,278.0,2,149.64,1,2,1,Lost Customers
17946,234.0,2,149.57999999999998,1,2,1,Lost Customers
18262,141.0,1,149.48,2,1,1,Lost Customers
15748,41.0,1,149.31,3,1,1,Other
15435,23.0,1,149.29,4,1,1,Potential Loyalists
13003,106.0,3,149.05,2,3,1,Other
17549,24.0,2,148.86,4,2,1,Potential Loyalists
15526,34.0,2,148.44,3,2,1,Other
17859,305.0,1,148.21,1,1,1,Lost Customers
14968,31.0,1,147.59,4,1,1,Potential Loyalists
14098,37.0,1,147.35,3,1,1,Other
14037,177.0,2,147.2,2,2,1,Lost Customers
12864,139.0,1,147.12,2,1,1,Lost Customers
15503,363.0,1,147.09,1,1,1,Lost Customers
17030,64.0,1,146.87,3,1,1,Other
14238,327.0,1,146.85,1,1,1,Lost Customers
16893,367.0,1,145.93,1,1,1,Lost Customers
12565,289.0,1,145.92,1,1,1,Lost Customers
17935,139.0,2,145.79,2,2,1,Lost Customers
13866,75.0,1,145.67,2,1,1,Lost Customers
15937,65.0,1,145.35,3,1,1,Other
16598,286.0,1,145.05,1,1,1,Lost Customers
17524,362.0,1,145.0,1,1,1,Lost Customers
16852,11.0,2,144.91,5,2,1,Potential Loyalists
12974,198.0,1,144.8,1,1,1,Lost Customers
14109,73.0,1,144.2,2,1,1,Lost Customers
12587,8.0,1,144.0,5,1,1,Potential Loyalists
17186,47.0,2,144.0,3,2,1,Other
17578,219.0,1,143.46,1,1,1,Lost Customers
15705,202.0,1,143.1,1,1,1,Lost Customers
16287,170.0,1,142.5,2,1,1,Lost Customers
13299,269.0,1,142.5,1,1,1,Lost Customers
14386,297.0,1,142.4,1,1,1,Lost Customers
13584,307.0,1,142.4,1,1,1,Lost Customers
13561,216.0,1,141.85999999999999,1,1,1,Lost Customers
14041,267.0,1,141.41,1,1,1,Lost Customers
15388,271.0,1,140.54,1,1,1,Lost Customers
13483,66.0,1,140.34,3,1,1,Other
14494,26.0,1,139.56,4,1,1,Potential Loyalists
16483,193.0,1,139.35,1,1,1,Lost Customers
17718,233.0,1,139.35,1,1,1,Lost Customers
14772,113.0,1,139.26,2,1,1,Lost Customers
18209,29.0,1,139.1,4,1,1,Potential Loyalists
15135,240.0,1,139.05,1,1,1,Lost Customers
13273,114.0,1,138.98,2,1,1,Lost Customers
12902,265.0,1,138.68,1,1,1,Lost Customers
14581,17.0,1,138.6,4,1,1,Potential Loyalists
17122,120.0,1,138.32,2,1,1,Lost Customers
13716,270.0,1,138.28,1,1,1,Lost Customers
15663,107.0,1,138.14,2,1,1,Lost Customers
12512,67.0,2,138.03,3,2,1,Other
16050,174.0,1,137.9,2,1,1,Lost Customers
13279,79.0,1,137.75,2,1,1,Lost Customers
17709,170.0,1,137.45,2,1,1,Lost Customers
15836,51.0,1,137.37,3,1,1,Other
14483,282.0,1,137.1,1,1,1,Lost Customers
17468,11.0,2,137.0,5,2,1,Potential Loyalists
15691,253.0,1,136.8,1,1,1,Lost Customers
14247,279.0,1,136.77,1,1,1,Lost Customers
17972,242.0,1,136.04,1,1,1,Lost Customers
16462,74.0,3,136.0,2,3,1,Other
12968,113.0,1,135.95,2,1,1,Lost Customers
15042,200.0,1,135.93,1,1,1,Lost Customers
14889,337.0,1,135.9,1,1,1,Lost Customers
15419,25.0,1,135.85999999999999,4,1,1,Potential Loyalists
16114,171.0,1,135.75,2,1,1,Lost Customers
15174,323.0,1,135.75,1,1,1,Lost Customers
16665,363.0,1,135.4,1,1,1,Lost Customers
15276,67.0,1,135.31,3,1,1,Other
12851,97.0,1,135.18,2,1,1,Lost Customers
13364,72.0,1,134.96,3,1,1,Other
16055,221.0,1,134.8,1,1,1,Lost Customers
14340,219.0,1,134.7,1,1,1,Lost Customers
15562,352.0,1,134.55,1,1,1,Lost Customers
14174,34.0,1,134.46,3,1,1,Other
12837,174.0,1,134.1,2,1,1,Lost Customers
14280,197.0,1,134.04,1,1,1,Lost Customers
16424,192.0,1,133.56,1,1,1,Lost Customers
14349,11.0,1,133.5,5,1,1,Potential Loyalists
12445,23.0,1,133.4,4,1,1,Potential Loyalists
17881,305.0,1,133.35,1,1,1,Lost Customers
15709,284.0,1,133.25,1,1,1,Lost Customers
17647,66.0,1,133.06,3,1,1,Other
17785,54.0,1,131.94,3,1,1,Other
14438,307.0,1,131.9,1,1,1,Lost Customers
17297,18.0,1,131.78,4,1,1,Potential Loyalists
17455,204.0,1,131.7,1,1,1,Lost Customers
14795,167.0,1,131.45000000000002,2,1,1,Lost Customers
15844,47.0,1,130.73999999999998,3,1,1,Other
16679,367.0,1,129.75,1,1,1,Lost Customers
16611,187.0,1,129.49,1,1,1,Lost Customers
16623,246.0,1,129.45000000000002,1,1,1,Lost Customers
16828,94.0,2,128.5,2,2,1,Lost Customers
17359,12.0,1,127.86,5,1,1,Potential Loyalists
15543,289.0,1,127.86,1,1,1,Lost Customers
13781,251.0,1,127.84,1,1,1,Lost Customers
15578,163.0,1,127.10000000000001,2,1,1,Lost Customers
15923,373.0,1,127.08,1,1,1,Lost Customers
14962,271.0,1,126.7,1,1,1,Lost Customers
16414,22.0,2,126.25,4,2,1,Potential Loyalists
15463,30.0,1,126.14,4,1,1,Potential Loyalists
16988,6.0,1,126.12,5,1,1,Potential Loyalists
12814,102.0,1,125.92,2,1,1,Lost Customers
13522,31.0,1,125.8,4,1,1,Potential Loyalists
14861,53.0,1,125.78999999999999,3,1,1,Other
14890,254.0,1,125.65,1,1,1,Lost Customers
15017,34.0,1,125.58,3,1,1,Other
12531,15.0,1,125.22,4,1,1,Potential Loyalists
17148,52.0,1,124.88,3,1,1,Other
16849,187.0,1,124.57,1,1,1,Lost Customers
16569,4.0,1,124.2,5,1,1,Potential Loyalists
14495,51.0,2,123.80000000000001,3,2,1,Other
16658,369.0,1,123.24,1,1,1,Lost Customers
15917,248.0,1,123.1,1,1,1,Lost Customers
17967,372.0,1,123.07,1,1,1,Lost Customers
13519,79.0,1,122.75,2,1,1,Lost Customers
13876,64.0,1,122.7,3,1,1,Other
14413,363.0,1,122.7,1,1,1,Lost Customers
13638,16.0,1,122.64,4,1,1,Potential Loyalists
14165,276.0,1,122.53999999999999,1,1,1,Lost Customers
14076,130.0,1,122.47,2,1,1,Lost Customers
16073,298.0,1,122.4,1,1,1,Lost Customers
18018,109.0,2,122.14,2,2,1,Lost Customers
13244,93.0,1,121.74,2,1,1,Lost Customers
13182,46.0,1,121.18,3,1,1,Other
15049,274.0,1,121.17,1,1,1,Lost Customers
15512,156.0,2,121.0,2,2,1,Lost Customers
13002,319.0,1,120.95,1,1,1,Lost Customers
17446,177.0,2,120.89999999999999,2,2,1,Lost Customers
18015,5.0,1,120.03,5,1,1,Potential Loyalists
14314,107.0,1,120.0,2,1,1,Lost Customers
14259,142.0,1,120.0,2,1,1,Lost Customers
14453,191.0,1,119.93,1,1,1,Lost Customers
16542,54.0,1,119.62,3,1,1,Other
15266,339.0,1,119.3,1,1,1,Lost Customers
16666,20.0,1,118.98,4,1,1,Potential Loyalists
15843,304.0,1,118.95,1,1,1,Lost Customers
17079,79.0,1,118.8,2,1,1,Lost Customers
14155,267.0,1,118.75,1,1,1,Lost Customers
13581,310.0,1,118.0,1,1,1,Lost Customers
13193,62.0,1,117.88,3,1,1,Other
12929,312.0,1,117.85,1,1,1,Lost Customers
17654,278.0,1,117.55,1,1,1,Lost Customers
16959,88.0,1,117.35,2,1,1,Lost Customers
13877,87.0,1,117.24,2,1,1,Lost Customers
17117,289.0,1,116.2,1,1,1,Lost Customers
13170,27.0,1,116.01,4,1,1,Potential Loyalists
17601,240.0,1,116.00999999999999,1,1,1,Lost Customers
14143,134.0,1,115.8,2,1,1,Lost Customers
15350,374.0,1,115.64999999999999,1,1,1,Lost Customers
13067,83.0,1,115.46000000000001,2,1,1,Lost Customers
18027,99.0,1,115.31,2,1,1,Lost Customers
14972,129.0,1,114.77,2,1,1,Lost Customers
13188,12.0,1,114.6,5,1,1,Potential Loyalists
16247,171.0,1,114.56,2,1,1,Lost Customers
14632,263.0,1,114.56,1,1,1,Lost Customers
14974,38.0,1,114.39,3,1,1,Other
17852,12.0,2,114.34,5,2,1,Potential Loyalists
17219,32.0,1,114.23,4,1,1,Potential Loyalists
14652,78.0,1,114.17999999999999,2,1,1,Lost Customers
12938,26.0,1,114.14,4,1,1,Potential Loyalists
14582,41.0,1,114.11,3,1,1,Other
12651,335.0,1,114.0,1,1,1,Lost Customers
14457,311.0,1,113.64,1,1,1,Lost Customers
17217,235.0,1,113.5,1,1,1,Lost Customers
15445,265.0,1,113.5,1,1,1,Lost Customers
18105,38.0,1,113.47999999999999,3,1,1,Other
16913,291.0,1,113.44,1,1,1,Lost Customers
15280,173.0,1,113.12,2,1,1,Lost Customers
14689,209.0,1,112.8,1,1,1,Lost Customers
16697,242.0,1,112.75,1,1,1,Lost Customers
13161,314.0,1,112.75,1,1,1,Lost Customers
13807,368.0,1,112.6,1,1,1,Lost Customers
18129,244.0,1,112.55,1,1,1,Lost Customers
15610,52.0,1,112.46000000000001,3,1,1,Other
17038,31.0,1,112.4,4,1,1,Potential Loyalists
14271,226.0,1,112.32,1,1,1,Lost Customers
17893,226.0,1,112.25,1,1,1,Lost Customers
17900,191.0,2,112.19999999999999,1,2,1,Lost Customers
12756,87.0,1,112.08,2,1,1,Lost Customers
17274,36.0,1,111.98,3,1,1,Other
17957,67.0,1,111.68,3,1,1,Other
17887,130.0,1,111.35,2,1,1,Lost Customers
18120,215.0,1,111.15,1,1,1,Lost Customers
13508,244.0,1,110.97,1,1,1,Lost Customers
13144,333.0,1,110.95,1,1,1,Lost Customers
15537,164.0,1,110.92,2,1,1,Lost Customers
15853,52.0,1,110.8,3,1,1,Other
17349,180.0,1,110.75,2,1,1,Lost Customers
16963,188.0,1,110.55,1,1,1,Lost Customers
14641,22.0,1,110.46,4,1,1,Potential Loyalists
12734,353.0,1,110.39999999999999,1,1,1,Lost Customers
18277,59.0,1,110.38000000000001,3,1,1,Other
17901,30.0,1,110.38,4,1,1,Potential Loyalists
16792,283.0,2,110.38,1,2,1,Lost Customers
17746,241.0,1,110.25,1,1,1,Lost Customers
17836,48.0,1,110.21,3,1,1,Other
16339,285.0,1,109.95,1,1,1,Lost Customers
13133,274.0,2,109.8,1,2,1,Lost Customers
16363,54.0,1,109.36,3,1,1,Other
14699,215.0,1,109.13,1,1,1,Lost Customers
14345,39.0,1,108.98,3,1,1,Other
17639,277.0,1,108.5,1,1,1,Lost Customers
16106,66.0,1,108.38,3,1,1,Other
13226,274.0,1,108.21,1,1,1,Lost Customers
12956,307.0,1,108.07000000000001,1,1,1,Lost Customers
14661,27.0,1,107.95,4,1,1,Potential Loyalists
16784,20.0,1,107.6,4,1,1,Potential Loyalists
15395,326.0,1,107.45,1,1,1,Lost Customers
16757,319.0,1,106.83,1,1,1,Lost Customers
15168,26.0,1,106.56,4,1,1,Potential Loyalists
15070,373.0,1,106.2,1,1,1,Lost Customers
17791,30.0,1,106.1,4,1,1,Potential Loyalists
16581,183.0,1,105.84,1,1,1,Lost Customers
15775,246.0,1,104.9,1,1,1,Lost Customers
14027,61.0,1,104.82,3,1,1,Other
15607,337.0,1,104.75999999999999,1,1,1,Lost Customers
15958,75.0,1,104.35000000000001,2,1,1,Lost Customers
18174,8.0,1,104.0,5,1,1,Potential Loyalists
18255,90.0,1,103.3,2,1,1,Lost Customers
17548,234.0,1,103.3,1,1,1,Lost Customers
14542,186.0,1,103.25,1,1,1,Lost Customers
17962,143.0,1,102.83,2,1,1,Lost Customers
18011,374.0,1,102.78999999999999,1,1,1,Lost Customers
14836,11.0,3,102.45,5,3,1,Potential Loyalists
14981,247.0,1,102.12,1,1,1,Lost Customers
13948,361.0,1,102.0,1,1,1,Lost Customers
15212,242.0,1,101.8,1,1,1,Lost Customers
16516,31.0,1,101.7,4,1,1,Potential Loyalists
18068,290.0,1,101.7,1,1,1,Lost Customers
17643,374.0,1,101.55,1,1,1,Lost Customers
16006,212.0,1,101.4,1,1,1,Lost Customers
18086,275.0,1,101.34,1,1,1,Lost Customers
13101,235.0,1,101.19,1,1,1,Lost Customers
16344,159.0,1,101.10000000000001,2,1,1,Lost Customers
16498,162.0,2,100.97,2,2,1,Lost Customers
14946,15.0,1,100.9,4,1,1,Potential Loyalists
17427,72.0,1,100.8,3,1,1,Other
14371,296.0,1,100.5,1,1,1,Lost Customers
13703,319.0,1,99.5,1,1,1,Lost Customers
17939,160.0,1,99.14,2,1,1,Lost Customers
15256,149.0,1,98.45,2,1,1,Lost Customers
17538,26.0,1,98.42,4,1,1,Potential Loyalists
17895,45.0,1,98.0,3,1,1,Other
18033,66.0,1,97.97,3,1,1,Other
15422,324.0,2,97.7,1,2,1,Lost Customers
12984,19.0,1,97.5,4,1,1,Potential Loyalists
17325,281.0,1,96.8,1,1,1,Lost Customers
15216,88.0,1,96.6,2,1,1,Lost Customers
14642,59.0,1,96.11999999999999,3,1,1,Other
17024,46.0,3,95.85,3,3,1,Other
18249,18.0,1,95.34,4,1,1,Potential Loyalists
12548,167.0,1,95.19999999999999,2,1,1,Lost Customers
16387,323.0,1,94.36,1,1,1,Lost Customers
13651,36.0,2,94.2,3,2,1,Other
15397,290.0,1,94.0,1,1,1,Lost Customers
15428,16.0,1,93.78,4,1,1,Potential Loyalists
18227,218.0,1,93.75,1,1,1,Lost Customers
13283,60.0,2,93.66,3,2,1,Other
17991,226.0,2,93.35,1,2,1,Lost Customers
12821,215.0,1,92.72,1,1,1,Lost Customers
14054,66.0,1,92.46000000000001,3,1,1,Other
12789,66.0,1,91.85,3,1,1,Other
13551,320.0,1,91.80000000000001,1,1,1,Lost Customers
13160,23.0,1,91.8,4,1,1,Potential Loyalists
12659,30.0,1,91.67999999999999,4,1,1,Potential Loyalists
15488,93.0,1,91.32,2,1,1,Lost Customers
13947,66.0,1,90.6,3,1,1,Other
14353,216.0,1,90.6,1,1,1,Lost Customers
18084,17.0,1,90.48,4,1,1,Potential Loyalists
16506,20.0,2,90.3,4,2,1,Potential Loyalists
15552,218.0,1,90.12,1,1,1,Lost Customers
16597,5.0,1,90.03999999999999,5,1,1,Potential Loyalists
14117,144.0,1,90.0,2,1,1,Lost Customers
14219,5.0,1,89.94,5,1,1,Potential Loyalists
14760,298.0,1,89.2,1,1,1,Lost Customers
12686,372.0,1,89.14,1,1,1,Lost Customers
14436,99.0,1,89.06,2,1,1,Lost Customers
12353,205.0,1,89.0,1,1,1,Lost Customers
15083,257.0,1,88.2,1,1,1,Lost Customers
15180,368.0,1,87.5,1,1,1,Lost Customers
13296,138.0,1,87.4,2,1,1,Lost Customers
15541,115.0,1,85.13,2,1,1,Lost Customers
15729,213.0,1,85.0,1,1,1,Lost Customers
13841,253.0,1,85.0,1,1,1,Lost Customers
13666,61.0,3,84.65,3,3,1,Other
12401,304.0,1,84.3,1,1,1,Lost Customers
17309,96.0,1,82.75,2,1,1,Lost Customers
13006,57.0,1,81.57,3,1,1,Other
17620,60.0,1,81.44,3,1,1,Other
18281,181.0,1,80.82,1,1,1,Lost Customers
16789,9.0,1,80.8,5,1,1,Potential Loyalists
13967,146.0,1,80.7,2,1,1,Lost Customers
17752,360.0,1,80.64,1,1,1,Lost Customers
13747,374.0,1,79.6,1,1,1,Lost Customers
16078,284.0,1,79.2,1,1,1,Lost Customers
15753,305.0,1,79.2,1,1,1,Lost Customers
17942,8.0,1,77.5,5,1,1,Potential Loyalists
14785,11.0,2,77.4,5,2,1,Potential Loyalists
13132,262.0,1,77.3,1,1,1,Lost Customers
13992,31.0,1,76.8,4,1,1,Potential Loyalists
14373,359.0,1,76.55,1,1,1,Lost Customers
13106,134.0,1,76.5,2,1,1,Lost Customers
17536,178.0,1,76.5,2,1,1,Lost Customers
15668,218.0,1,76.32,1,1,1,Lost Customers
16148,297.0,1,76.32,1,1,1,Lost Customers
14090,325.0,1,76.32,1,1,1,Lost Customers
18113,369.0,1,76.32,1,1,1,Lost Customers
17995,282.0,1,76.1,1,1,1,Lost Customers
17628,82.0,1,75.75,2,1,1,Lost Customers
16610,220.0,1,75.66,1,1,1,Lost Customers
13403,18.0,1,75.0,4,1,1,Potential Loyalists
16468,75.0,1,74.9,2,1,1,Lost Customers
18050,360.0,1,74.4,1,1,1,Lost Customers
13095,71.0,1,74.39999999999999,3,1,1,Other
17960,172.0,1,73.78,2,1,1,Lost Customers
12506,233.0,1,73.5,1,1,1,Lost Customers
18032,335.0,1,73.5,1,1,1,Lost Customers
16171,60.0,1,73.19999999999999,3,1,1,Other
17906,248.0,1,72.9,1,1,1,Lost Customers
13686,183.0,1,72.0,1,1,1,Lost Customers
13938,36.0,1,71.66,3,1,1,Other
17747,113.0,1,71.4,2,1,1,Lost Customers
13185,268.0,1,71.4,1,1,1,Lost Customers
17022,32.0,1,71.0,4,1,1,Potential Loyalists
18037,155.0,6,70.02,2,4,1,Other
15863,26.0,2,68.84,4,2,1,Potential Loyalists
14393,219.0,1,67.95,1,1,1,Lost Customers
13684,286.0,1,67.23,1,1,1,Lost Customers
17382,66.0,1,65.4,3,1,1,Other
13130,95.0,1,64.0,2,1,1,Lost Customers
13302,156.0,1,63.75,2,1,1,Lost Customers
17263,209.0,1,63.44,1,1,1,Lost Customers
12665,325.0,1,63.0,1,1,1,Lost Customers
14437,366.0,1,63.0,1,1,1,Lost Customers
14840,268.0,1,62.85,1,1,1,Lost Customers
13218,128.0,1,62.64,2,1,1,Lost Customers
15516,45.0,3,62.43,3,3,1,Other
13194,136.0,1,60.7,2,1,1,Lost Customers
17174,218.0,1,59.9,1,1,1,Lost Customers
13391,204.0,1,59.8,1,1,1,Lost Customers
13682,188.0,1,59.5,1,1,1,Lost Customers
14957,254.0,1,58.49,1,1,1,Lost Customers
13080,180.0,1,58.08,2,1,1,Lost Customers
17775,255.0,1,56.4,1,1,1,Lost Customers
15899,369.0,1,56.25,1,1,1,Lost Customers
13366,51.0,1,56.16,3,1,1,Other
16349,291.0,1,53.5,1,1,1,Lost Customers
15504,82.0,1,52.83,2,1,1,Lost Customers
14865,8.0,2,52.2,5,2,1,Potential Loyalists
13832,20.0,1,52.2,4,1,1,Potential Loyalists
15313,111.0,1,52.0,2,1,1,Lost Customers
14682,188.0,2,52.0,1,2,1,Lost Customers
17844,107.0,1,51.56,2,1,1,Lost Customers
14351,165.0,1,51.0,2,1,1,Lost Customers
13011,373.0,1,50.55,1,1,1,Lost Customers
18184,16.0,1,49.8,4,1,1,Potential Loyalists
14821,367.0,1,48.8,1,1,1,Lost Customers
15603,79.0,1,48.480000000000004,2,1,1,Lost Customers
16257,177.0,1,46.95,2,1,1,Lost Customers
14080,33.0,1,45.599999999999994,4,1,1,Potential Loyalists
15423,39.0,1,43.5,3,1,1,Other
14300,19.0,1,43.2,4,1,1,Potential Loyalists
15992,4.0,1,41.989999999999995,5,1,1,Potential Loyalists
15178,261.0,1,40.5,1,1,1,Lost Customers
14589,372.0,1,39.75,1,1,1,Lost Customers
12977,157.0,1,39.24,2,1,1,Lost Customers
16659,190.0,1,39.12,1,1,1,Lost Customers
18019,52.0,1,38.45,3,1,1,Other
12855,373.0,1,38.099999999999994,1,1,1,Lost Customers
16162,253.0,1,37.4,1,1,1,Lost Customers
17816,37.0,4,36.56,3,4,1,Loyal Customers
15940,312.0,1,35.8,1,1,1,Lost Customers
16856,15.0,1,35.4,4,1,1,Potential Loyalists
17831,34.0,1,35.4,3,1,1,Other
14576,373.0,1,35.4,1,1,1,Lost Customers
15744,78.0,1,34.8,2,1,1,Lost Customers
16765,295.0,1,34.0,1,1,1,Lost Customers
17408,164.0,1,32.65,2,1,1,Lost Customers
13120,239.0,1,30.6,1,1,1,Lost Customers
15657,23.0,1,30.0,4,1,1,Potential Loyalists
18268,135.0,1,25.5,2,1,1,Lost Customers
17102,262.0,1,25.5,1,1,1,Lost Customers
16953,31.0,1,20.8,4,1,1,Potential Loyalists
17986,57.0,1,20.8,3,1,1,Other
16093,107.0,1,17.0,2,1,1,Lost Customers
13307,121.0,1,15.0,2,1,1,Lost Customers
17763,264.0,1,15.0,1,1,1,Lost Customers
15823,373.0,1,15.0,1,1,1,Lost Customers
16878,85.0,1,13.3,2,1,1,Lost Customers
17956,250.0,1,12.75,1,1,1,Lost Customers
16454,45.0,2,6.9,3,2,1,Other
14792,64.0,1,6.2,3,1,1,Other
16738,298.0,1,3.75,1,1,1,Lost Customers
